,Word_1st,Word_2nd,Condition,Match,Mismatch_Type,Image,ISI
0,WVCNZ,SHOE,COMP_1W,mismatch,2,BrownBow_2.jpg,200
1,QXSW,LAMP,COMP_1W,mismatch,2,GreenDisc_1.jpg,500
2,BLUE,LOCK,COMP_2W,match,0,BlueLock_3.jpg,300
3,BLUE,NOTE,COMP_2W,mismatch,1,BlueKey_2.jpg,500
4,MTPV,NOTE,COMP_1W,mismatch,1,BlackHand_3.jpg,600
5,ZBXLV,LOCK,COMP_1W,mismatch,3,GreenDisc_1.jpg,600
6,BLACK,HOUSE,COMP_2W,match,0,BlackHouse_1.jpg,200
7,BLACK,HEART,COMP_2W,mismatch,2,BrownHeart_3.jpg,400
8,XKQ,KEY,COMP_1W,mismatch,2,PinkFlag_2.jpg,300
9,XKQ,BAG,COMP_1W,match,0,RedBag_1.jpg,300
10,GREEN,STAR,COMP_2W,mismatch,1,GreenHeart_1.jpg,600
11,PINK,BOW,COMP_2W,mismatch,1,PinkKey_1.jpg,200
12,GREEN,BOAT,COMP_2W,match,0,GreenBoat_3.jpg,400
13,MTPV,BOW,COMP_1W,mismatch,1,RedFlag_2.jpg,400
14,BLUE,CAR,COMP_2W,mismatch,3,BlackKey_1.jpg,500
15,RED,FORK,COMP_2W,mismatch,3,BrownHand_3.jpg,200
16,XKQ,FLAG,COMP_1W,match,0,BrownFlag_3.jpg,200
17,XKQ,CANE,COMP_1W,mismatch,2,BrownCross_1.jpg,600
18,MTPV,HOUSE,COMP_1W,match,0,BlueHouse_2.jpg,400
19,BLACK,STAR,COMP_2W,match,0,BlackStar_2.jpg,500
20,PINK,CUP,COMP_2W,match,0,PinkCup_3.jpg,400
21,BLUE,LEAF,COMP_2W,mismatch,1,BlueBow_2.jpg,300
22,MTPV,LOCK,COMP_1W,match,0,PinkLock_3.jpg,300
23,WVCNZ,BONE,COMP_1W,mismatch,1,PinkStar_1.jpg,200
24,MTPV,CAR,COMP_1W,mismatch,3,BrownSquare_3.jpg,600
25,GREEN,CUP,COMP_2W,mismatch,2,GreenCup_3.jpg,600
26,MTPV,SHOE,COMP_1W,mismatch,1,PinkCross_3.jpg,300
27,XKQ,DISC,COMP_1W,match,0,BlackDisc_1.jpg,500
28,BROWN,NOTE,COMP_2W,match,0,BrownNote_3.jpg,300
29,BLUE,CROSS,COMP_2W,match,0,BlueCross_3.jpg,300
30,ZBXLV,BOAT,COMP_1W,match,0,BlackBoat_3.jpg,300
31,RJDNW,FORK,COMP_1W,mismatch,1,BlackSquare_1.jpg,300
32,BROWN,TREE,COMP_2W,match,0,BrownTree_1.jpg,600
33,BLUE,PLANE,COMP_2W,match,0,BluePlane_2.jpg,200
34,MTPV,CANE,COMP_1W,match,0,GreenCane_2.jpg,200
35,BLACK,LEAF,COMP_2W,mismatch,3,GreenLamp_3.jpg,300
36,ZBXLV,HEART,COMP_1W,mismatch,2,BlackKey_1.jpg,200
37,ZBXLV,CUP,COMP_1W,mismatch,2,RedHeart_2.jpg,500
38,GREEN,FORK,COMP_2W,match,0,GreenFork_2.jpg,400
39,PINK,FORK,COMP_2W,match,0,PinkFork_2.jpg,600
40,QXSW,BOW,COMP_1W,match,0,BrownBow_2.jpg,600
41,ZBXLV,HAND,COMP_1W,mismatch,3,BrownCane_3.jpg,400
42,BROWN,CROSS,COMP_2W,mismatch,2,RedCross_2.jpg,400
43,RJDNW,LEAF,COMP_1W,match,0,RedLeaf_1.jpg,600
44,GREEN,CAR,COMP_2W,match,0,GreenCar_2.jpg,400
45,BLACK,BOW,COMP_2W,match,0,BlackBow_2.jpg,400
46,QXSW,TREE,COMP_1W,mismatch,2,BlackPlane_1.jpg,400
47,ZBXLV,BONE,COMP_1W,match,0,BlackBone_1.jpg,500
48,BLACK,DISC,COMP_2W,match,0,BlackDisc_1.jpg,200
49,RED,LEAF,COMP_2W,match,0,RedLeaf_2.jpg,500
50,XKQ,BELL,COMP_1W,mismatch,2,BlueStar_3.jpg,400
51,WVCNZ,BELL,COMP_1W,match,0,PinkBell_1.jpg,600
52,BLUE,SQUARE,COMP_2W,mismatch,1,BluePlane_3.jpg,200
53,QXSW,BONE,COMP_1W,match,0,BrownBone_3.jpg,500
54,PINK,HOUSE,COMP_2W,match,0,PinkHouse_2.jpg,500
55,RJDNW,HAND,COMP_1W,mismatch,3,BlueCar_1.jpg,500
56,WVCNZ,SQUARE,COMP_1W,match,0,RedSquare_3.jpg,500
57,RJDNW,BAG,COMP_1W,mismatch,2,RedBone_2.jpg,400
58,RED,BELL,COMP_2W,mismatch,2,BrownBell_1.jpg,300
59,QXSW,BELL,COMP_1W,mismatch,2,BrownBag_2.jpg,600
60,XKQ,STAR,COMP_1W,mismatch,2,BlueCup_2.jpg,200
61,BROWN,BAG,COMP_2W,match,0,BrownBag_2.jpg,300
62,BLUE,BAG,COMP_2W,mismatch,2,PinkBag_2.jpg,300
63,BLACK,KEY,COMP_2W,match,0,BlackKey_2.jpg,500
64,QXSW,LEAF,COMP_1W,mismatch,1,BlueFork_1.jpg,500
65,GREEN,HOUSE,COMP_2W,mismatch,1,GreenLock_2.jpg,500
66,WVCNZ,TREE,COMP_1W,match,0,BrownTree_3.jpg,400
67,XKQ,SQUARE,COMP_1W,match,0,RedSquare_1.jpg,400
68,BLUE,HEART,COMP_2W,mismatch,3,BrownCross_1.jpg,200
69,GREEN,TREE,COMP_2W,match,0,GreenTree_1.jpg,200
70,ZBXLV,BELL,COMP_1W,match,0,PinkBell_1.jpg,400
71,PINK,SQUARE,COMP_2W,mismatch,3,GreenCross_2.jpg,200
72,MTPV,PLANE,COMP_1W,match,0,BluePlane_1.jpg,300
73,QXSW,PLANE,COMP_1W,match,0,RedPlane_3.jpg,300
74,GREEN,CROSS,COMP_2W,mismatch,3,BlackHouse_1.jpg,400
75,ZBXLV,CROSS,COMP_1W,mismatch,2,RedBone_3.jpg,300
76,BLACK,LAMP,COMP_2W,match,0,BlackLamp_2.jpg,200
77,WVCNZ,BOW,COMP_1W,mismatch,3,PinkLock_2.jpg,300
78,RJDNW,STAR,COMP_1W,mismatch,1,BrownLamp_2.jpg,500
79,RED,DISC,COMP_2W,match,0,RedDisc_2.jpg,600
80,BROWN,PLANE,COMP_2W,mismatch,3,PinkCane_3.jpg,400
81,WVCNZ,CAR,COMP_1W,match,0,BrownCar_2.jpg,600
82,RJDNW,BOAT,COMP_1W,mismatch,3,BrownTree_2.jpg,200
83,GREEN,KEY,COMP_2W,mismatch,3,PinkBag_2.jpg,500
84,BLACK,BOAT,COMP_2W,mismatch,3,RedShoe_1.jpg,500
85,WVCNZ,HEART,COMP_1W,match,0,BrownHeart_1.jpg,400
86,QXSW,FORK,COMP_1W,match,0,PinkFork_3.jpg,200
87,BROWN,HAND,COMP_2W,mismatch,3,GreenBell_1.jpg,600
88,BROWN,HEART,COMP_2W,match,0,BrownHeart_1.jpg,600
89,PINK,KEY,COMP_2W,match,0,PinkKey_2.jpg,300
90,MTPV,HAND,COMP_1W,match,0,BlueHand_1.jpg,200
91,RED,STAR,COMP_2W,mismatch,2,BlueStar_3.jpg,600
92,BLUE,BONE,COMP_2W,mismatch,1,BlueLeaf_3.jpg,300
93,WVCNZ,LAMP,COMP_1W,match,0,GreenLamp_3.jpg,200
94,BROWN,SHOE,COMP_2W,mismatch,2,BlackShoe_1.jpg,600
95,QXSW,CROSS,COMP_1W,match,0,PinkCross_2.jpg,500
96,XKQ,SHOE,COMP_1W,match,0,RedShoe_2.jpg,600
97,BLUE,DISC,COMP_2W,mismatch,2,PinkDisc_3.jpg,400
98,GREEN,HEART,COMP_2W,match,0,GreenHeart_3.jpg,600
99,BLUE,HAND,COMP_2W,match,0,BlueHand_1.jpg,500
