,Word_1st,Word_2nd,Condition,Match,Mismatch_Type,Image,ISI
0,RED,BOW,COMP_2W,match,0,RedBow_3.jpg,600
1,PINK,BONE,COMP_2W,match,0,PinkBone_3.jpg,500
2,XKQ,BELL,COMP_1W,mismatch,1,RedShoe_3.jpg,500
3,MTPV,BONE,COMP_1W,match,0,RedBone_3.jpg,200
4,BLACK,BAG,COMP_2W,match,0,BlackBag_3.jpg,400
5,RJDNW,CANE,COMP_1W,match,0,RedCane_1.jpg,500
6,XKQ,CROSS,COMP_1W,mismatch,1,BlackPlane_2.jpg,300
7,BROWN,NOTE,COMP_2W,mismatch,2,BlackNote_3.jpg,500
8,BLUE,BELL,COMP_2W,match,0,BlueBell_1.jpg,500
9,BROWN,HEART,COMP_2W,match,0,BrownHeart_1.jpg,300
10,WVCNZ,BOAT,COMP_1W,mismatch,2,BlueBone_3.jpg,400
11,BLUE,NOTE,COMP_2W,match,0,BlueNote_3.jpg,300
12,ZBXLV,NOTE,COMP_1W,mismatch,3,BlueShoe_1.jpg,500
13,BLUE,KEY,COMP_2W,mismatch,1,BlueTree_3.jpg,200
14,MTPV,CAR,COMP_1W,match,0,RedCar_3.jpg,600
15,BLUE,TREE,COMP_2W,match,0,BlueTree_3.jpg,300
16,PINK,DISC,COMP_2W,mismatch,1,PinkCar_2.jpg,600
17,ZBXLV,FLAG,COMP_1W,mismatch,2,RedHand_3.jpg,400
18,PINK,CAR,COMP_2W,match,0,PinkCar_3.jpg,600
19,WVCNZ,BAG,COMP_1W,match,0,GreenBag_2.jpg,400
20,ZBXLV,CUP,COMP_1W,mismatch,2,BlueKey_1.jpg,400
21,QXSW,LOCK,COMP_1W,mismatch,2,PinkFlag_1.jpg,300
22,RED,DISC,COMP_2W,mismatch,3,BrownBow_1.jpg,300
23,RJDNW,CUP,COMP_1W,match,0,GreenCup_2.jpg,600
24,WVCNZ,HEART,COMP_1W,mismatch,3,GreenBow_3.jpg,300
25,BLACK,DISC,COMP_2W,match,0,BlackDisc_1.jpg,200
26,BLACK,TREE,COMP_2W,mismatch,3,BrownNote_1.jpg,600
27,QXSW,BAG,COMP_1W,mismatch,2,BlackCar_2.jpg,500
28,XKQ,BOW,COMP_1W,match,0,BrownBow_3.jpg,400
29,GREEN,BONE,COMP_2W,mismatch,3,BrownNote_3.jpg,400
30,BLACK,BOAT,COMP_2W,mismatch,2,BlackBoat_2.jpg,300
31,RJDNW,BOAT,COMP_1W,match,0,BlackBoat_3.jpg,300
32,XKQ,FORK,COMP_1W,match,0,PinkFork_1.jpg,200
33,BROWN,BONE,COMP_2W,match,0,BrownBone_1.jpg,300
34,BLACK,CUP,COMP_2W,mismatch,2,PinkCup_3.jpg,200
35,MTPV,BELL,COMP_1W,match,0,GreenBell_2.jpg,300
36,PINK,CUP,COMP_2W,match,0,PinkCup_1.jpg,400
37,XKQ,SQUARE,COMP_1W,mismatch,2,RedShoe_2.jpg,200
38,MTPV,STAR,COMP_1W,match,0,BrownStar_3.jpg,600
39,BLUE,CROSS,COMP_2W,match,0,BlueCross_1.jpg,300
40,PINK,STAR,COMP_2W,match,0,PinkStar_2.jpg,500
41,XKQ,BOAT,COMP_1W,mismatch,2,RedKey_3.jpg,400
42,GREEN,CAR,COMP_2W,mismatch,2,BlueCar_3.jpg,300
43,GREEN,LOCK,COMP_2W,match,0,GreenLock_1.jpg,200
44,MTPV,TREE,COMP_1W,match,0,BrownTree_1.jpg,200
45,GREEN,HOUSE,COMP_2W,match,0,GreenHouse_3.jpg,600
46,WVCNZ,CUP,COMP_1W,mismatch,2,BlueHeart_3.jpg,200
47,BLUE,BAG,COMP_2W,mismatch,2,BlueBag_2.jpg,400
48,MTPV,LOCK,COMP_1W,match,0,BlackLock_1.jpg,200
49,XKQ,LAMP,COMP_1W,match,0,PinkLamp_3.jpg,600
50,BLUE,PLANE,COMP_2W,mismatch,2,BrownPlane_2.jpg,300
51,QXSW,SHOE,COMP_1W,match,0,PinkShoe_3.jpg,300
52,BLUE,BOW,COMP_2W,mismatch,2,RedBow_2.jpg,600
53,QXSW,BOW,COMP_1W,mismatch,2,BlackCup_3.jpg,600
54,RED,HEART,COMP_2W,mismatch,3,BrownNote_2.jpg,500
55,GREEN,TREE,COMP_2W,match,0,GreenTree_3.jpg,600
56,WVCNZ,PLANE,COMP_1W,mismatch,3,BlackHouse_1.jpg,300
57,QXSW,NOTE,COMP_1W,match,0,BlackNote_3.jpg,300
58,GREEN,FORK,COMP_2W,mismatch,2,RedFork_3.jpg,400
59,RJDNW,HAND,COMP_1W,match,0,BlueHand_3.jpg,400
60,BROWN,SQUARE,COMP_2W,match,0,BrownSquare_3.jpg,200
61,ZBXLV,TREE,COMP_1W,mismatch,3,PinkHeart_1.jpg,600
62,RED,SQUARE,COMP_2W,mismatch,2,PinkSquare_3.jpg,300
63,BROWN,LAMP,COMP_2W,match,0,BrownLamp_1.jpg,600
64,BLACK,SHOE,COMP_2W,mismatch,1,BlackFork_1.jpg,500
65,ZBXLV,CROSS,COMP_1W,match,0,PinkCross_3.jpg,500
66,ZBXLV,HEART,COMP_1W,match,0,BlackHeart_1.jpg,600
67,XKQ,HEART,COMP_1W,mismatch,3,BlackLamp_3.jpg,300
68,BLUE,CANE,COMP_2W,match,0,BlueCane_2.jpg,500
69,BROWN,CUP,COMP_2W,mismatch,2,BrownCup_1.jpg,600
70,RED,KEY,COMP_2W,match,0,RedKey_3.jpg,200
71,WVCNZ,CROSS,COMP_1W,mismatch,1,BrownLeaf_3.jpg,500
72,GREEN,HAND,COMP_2W,match,0,GreenHand_3.jpg,400
73,RJDNW,CAR,COMP_1W,mismatch,2,PinkNote_2.jpg,200
74,GREEN,CUP,COMP_2W,match,0,GreenCup_2.jpg,400
75,RJDNW,HOUSE,COMP_1W,mismatch,3,RedDisc_2.jpg,600
76,BLACK,LAMP,COMP_2W,mismatch,2,BrownLamp_3.jpg,400
77,QXSW,SQUARE,COMP_1W,mismatch,1,BlackLamp_2.jpg,500
78,RED,BONE,COMP_2W,mismatch,3,PinkFork_1.jpg,200
79,MTPV,CROSS,COMP_1W,match,0,BlackCross_3.jpg,400
80,WVCNZ,TREE,COMP_1W,match,0,GreenTree_2.jpg,300
81,RED,SHOE,COMP_2W,mismatch,1,RedDisc_3.jpg,500
82,BLUE,SHOE,COMP_2W,match,0,BlueShoe_3.jpg,500
83,XKQ,HOUSE,COMP_1W,match,0,RedHouse_2.jpg,500
84,MTPV,CANE,COMP_1W,match,0,GreenCane_3.jpg,500
85,BLACK,PLANE,COMP_2W,mismatch,3,GreenCar_1.jpg,200
86,WVCNZ,STAR,COMP_1W,mismatch,1,PinkBag_1.jpg,600
87,BLUE,STAR,COMP_2W,match,0,BlueStar_3.jpg,200
88,MTPV,HOUSE,COMP_1W,mismatch,3,BlackDisc_2.jpg,600
89,BROWN,LEAF,COMP_2W,match,0,BrownLeaf_1.jpg,400
90,ZBXLV,LEAF,COMP_1W,mismatch,3,RedPlane_2.jpg,400
91,RED,BELL,COMP_2W,mismatch,1,RedBoat_1.jpg,500
92,WVCNZ,FORK,COMP_1W,mismatch,2,GreenHouse_1.jpg,200
93,PINK,TREE,COMP_2W,mismatch,3,RedSquare_1.jpg,600
94,RJDNW,FLAG,COMP_1W,match,0,RedFlag_1.jpg,400
95,ZBXLV,SHOE,COMP_1W,match,0,BlueShoe_1.jpg,200
96,ZBXLV,HAND,COMP_1W,mismatch,3,BlueCross_3.jpg,200
97,PINK,CANE,COMP_2W,mismatch,1,PinkNote_3.jpg,400
98,RED,BOAT,COMP_2W,mismatch,2,PinkBoat_3.jpg,200
99,WVCNZ,SQUARE,COMP_1W,match,0,BlackSquare_1.jpg,500
