,Word_1st,Word_2nd,Condition,Match,Mismatch_Type,Image,ISI
0,LAMP,STAR,LIST_2W,match,0,BlueStar_1.jpg,600
1,CUP,LOCK,LIST_2W,match,0,RedCup_3.jpg,500
2,RJDNW,PLANE,LIST_1W,mismatch,3,GreenSquare_3.jpg,500
3,XKQ,FORK,LIST_1W,match,0,BlackFork_2.jpg,200
4,CROSS,CANE,LIST_2W,match,0,BrownCane_2.jpg,400
5,QXSW,PLANE,LIST_1W,match,0,PinkPlane_2.jpg,500
6,MTPV,TREE,LIST_1W,mismatch,2,RedFork_3.jpg,300
7,BOAT,CUP,LIST_2W,mismatch,3,BlackFlag_3.jpg,500
8,LAMP,DISC,LIST_2W,match,0,BlackDisc_3.jpg,500
9,BOAT,FLAG,LIST_2W,match,0,GreenFlag_1.jpg,300
10,RJDNW,NOTE,LIST_1W,mismatch,1,BlueHeart_2.jpg,400
11,CROSS,FORK,LIST_2W,match,0,GreenFork_2.jpg,300
12,MTPV,LAMP,LIST_1W,mismatch,3,BlueHeart_2.jpg,500
13,HOUSE,CUP,LIST_2W,mismatch,1,BrownFork_3.jpg,200
14,MTPV,CUP,LIST_1W,match,0,GreenCup_1.jpg,600
15,CUP,BAG,LIST_2W,match,0,BrownCup_3.jpg,300
16,BOAT,LAMP,LIST_2W,mismatch,3,GreenSquare_3.jpg,600
17,ZBXLV,BOAT,LIST_1W,mismatch,2,GreenHand_1.jpg,400
18,CUP,HEART,LIST_2W,match,0,GreenHeart_2.jpg,600
19,WVCNZ,TREE,LIST_1W,match,0,GreenTree_3.jpg,400
20,XKQ,HOUSE,LIST_1W,mismatch,3,BrownLamp_2.jpg,400
21,RJDNW,DISC,LIST_1W,mismatch,1,RedBoat_3.jpg,300
22,PLANE,DISC,LIST_2W,mismatch,3,GreenBoat_1.jpg,300
23,MTPV,HEART,LIST_1W,match,0,PinkHeart_3.jpg,600
24,MTPV,BELL,LIST_1W,mismatch,2,BrownKey_2.jpg,300
25,CROSS,TREE,LIST_2W,match,0,RedTree_3.jpg,200
26,PLANE,LAMP,LIST_2W,mismatch,2,GreenLeaf_2.jpg,600
27,QXSW,CUP,LIST_1W,mismatch,3,PinkFlag_1.jpg,500
28,WVCNZ,SHOE,LIST_1W,match,0,BrownShoe_1.jpg,400
29,BOAT,SHOE,LIST_2W,mismatch,3,BlueHeart_3.jpg,400
30,CUP,HOUSE,LIST_2W,mismatch,3,PinkFork_2.jpg,300
31,XKQ,LOCK,LIST_1W,match,0,BrownLock_1.jpg,300
32,WVCNZ,FLAG,LIST_1W,match,0,BrownFlag_3.jpg,200
33,CUP,LEAF,LIST_2W,match,0,BlackLeaf_2.jpg,300
34,BOAT,HEART,LIST_2W,mismatch,1,BrownCar_1.jpg,200
35,ZBXLV,CAR,LIST_1W,match,0,BlackCar_1.jpg,300
36,CUP,NOTE,LIST_2W,match,0,GreenNote_1.jpg,400
37,QXSW,BONE,LIST_1W,mismatch,2,BrownBoat_2.jpg,200
38,XKQ,NOTE,LIST_1W,match,0,BlackNote_3.jpg,600
39,CUP,FORK,LIST_2W,match,0,BlueCup_2.jpg,300
40,HOUSE,CAR,LIST_2W,match,0,PinkCar_2.jpg,500
41,RJDNW,BOW,LIST_1W,mismatch,1,BlackFork_1.jpg,400
42,BOAT,CANE,LIST_2W,mismatch,3,PinkDisc_2.jpg,300
43,BOAT,BOW,LIST_2W,match,0,BlueBow_1.jpg,200
44,MTPV,CROSS,LIST_1W,match,0,PinkCross_2.jpg,200
45,LAMP,BONE,LIST_2W,match,0,BlackLamp_2.jpg,600
46,XKQ,CROSS,LIST_1W,mismatch,3,PinkBoat_3.jpg,200
47,PLANE,NOTE,LIST_2W,mismatch,1,BrownShoe_1.jpg,400
48,RJDNW,KEY,LIST_1W,match,0,BlackKey_2.jpg,200
49,XKQ,PLANE,LIST_1W,match,0,PinkPlane_2.jpg,600
50,CUP,BONE,LIST_2W,mismatch,2,RedFlag_2.jpg,300
51,QXSW,HOUSE,LIST_1W,match,0,BlackHouse_3.jpg,300
52,BOAT,BONE,LIST_2W,mismatch,2,BrownFork_2.jpg,600
53,QXSW,LEAF,LIST_1W,mismatch,3,PinkTree_1.jpg,600
54,HOUSE,LOCK,LIST_2W,mismatch,1,BlackBell_3.jpg,500
55,LAMP,TREE,LIST_2W,match,0,RedLamp_3.jpg,600
56,MTPV,SHOE,LIST_1W,mismatch,3,PinkLamp_3.jpg,300
57,ZBXLV,CANE,LIST_1W,match,0,BrownCane_1.jpg,300
58,BOAT,KEY,LIST_2W,mismatch,3,BlackDisc_1.jpg,400
59,RJDNW,FORK,LIST_1W,match,0,BrownFork_3.jpg,400
60,CROSS,CAR,LIST_2W,match,0,RedCross_1.jpg,200
61,WVCNZ,LEAF,LIST_1W,mismatch,2,RedCross_1.jpg,600
62,BOAT,BAG,LIST_2W,mismatch,2,GreenFork_2.jpg,300
63,BOAT,STAR,LIST_2W,match,0,GreenBoat_2.jpg,600
64,HOUSE,LEAF,LIST_2W,mismatch,2,BlueSquare_2.jpg,500
65,MTPV,LEAF,LIST_1W,match,0,BlackLeaf_2.jpg,500
66,XKQ,HEART,LIST_1W,match,0,BlackHeart_2.jpg,600
67,WVCNZ,SQUARE,LIST_1W,mismatch,3,PinkBow_2.jpg,300
68,CROSS,SQUARE,LIST_2W,match,0,BlueCross_1.jpg,500
69,LAMP,CANE,LIST_2W,mismatch,3,BlackBow_2.jpg,600
70,LAMP,PLANE,LIST_2W,match,0,BlackLamp_2.jpg,200
71,WVCNZ,LOCK,LIST_1W,mismatch,3,PinkHeart_1.jpg,500
72,BOAT,HAND,LIST_2W,match,0,PinkBoat_3.jpg,400
73,XKQ,KEY,LIST_1W,mismatch,1,PinkTree_2.jpg,200
74,PLANE,FLAG,LIST_2W,match,0,BrownPlane_2.jpg,400
75,WVCNZ,HOUSE,LIST_1W,mismatch,2,RedNote_3.jpg,600
76,LAMP,FLAG,LIST_2W,mismatch,2,BlackHeart_2.jpg,400
77,XKQ,FLAG,LIST_1W,mismatch,2,PinkHand_3.jpg,500
78,LAMP,CAR,LIST_2W,mismatch,1,BlueHeart_2.jpg,200
79,WVCNZ,KEY,LIST_1W,match,0,PinkKey_1.jpg,400
80,MTPV,BONE,LIST_1W,match,0,BrownBone_1.jpg,300
81,LAMP,CROSS,LIST_2W,mismatch,2,BrownBow_2.jpg,500
82,HOUSE,BONE,LIST_2W,match,0,BlackBone_1.jpg,500
83,WVCNZ,CUP,LIST_1W,match,0,RedCup_1.jpg,500
84,XKQ,LAMP,LIST_1W,match,0,BrownLamp_1.jpg,500
85,CUP,HAND,LIST_2W,mismatch,1,GreenNote_1.jpg,200
86,QXSW,CROSS,LIST_1W,mismatch,2,PinkCane_1.jpg,600
87,CUP,DISC,LIST_2W,match,0,RedCup_1.jpg,200
88,ZBXLV,HEART,LIST_1W,mismatch,2,RedLock_1.jpg,600
89,LAMP,HOUSE,LIST_2W,match,0,BrownLamp_2.jpg,400
90,QXSW,KEY,LIST_1W,mismatch,3,BlackLamp_3.jpg,400
91,CUP,STAR,LIST_2W,mismatch,3,GreenBag_1.jpg,500
92,RJDNW,CAR,LIST_1W,mismatch,3,BlueLock_2.jpg,200
93,PLANE,LOCK,LIST_2W,mismatch,3,GreenLeaf_2.jpg,600
94,QXSW,TREE,LIST_1W,match,0,GreenTree_1.jpg,400
95,RJDNW,BONE,LIST_1W,match,0,BlackBone_1.jpg,200
96,QXSW,FLAG,LIST_1W,mismatch,2,BlackLamp_1.jpg,200
97,CROSS,PLANE,LIST_2W,mismatch,3,PinkBow_1.jpg,400
98,HOUSE,NOTE,LIST_2W,mismatch,1,BrownHand_1.jpg,200
99,XKQ,BOW,LIST_1W,match,0,BrownBow_2.jpg,500
