TrialOnset,Word_1st,Word_2nd,Condition,Match,Mismatch_Type,Image,ISI,Accuracy,RT,Dur,Response
6.23658907809295,WVCNZ,STAR,COMP_1W,match,0,BlueStar_3.jpg,400,0,0,4.43121653795242,
10.6365890781162,GREEN,CAR,COMP_2W,mismatch,3,RedCar_3.jpg,600,0,1.60938613698818,4.61662105796859,match
15.2365890780929,RJDNW,CUP,COMP_1W,mismatch,3,BlackBoat_2.jpg,600,1,0.507588542997837,4.61672363500111,mismatch
19.8365890780697,GREEN,FORK,COMP_2W,match,3,GreenFork_1.jpg,300,1,0.58340651798062,4.32221691892482,match
