,Consonant_COMP,Modifier_COMP,Consonant_LIST,Modifier_LIST,Head,Match,Mismatch_Type,List_Match,Image_COMP_1W,Image_COMP_2W,Image_LIST_1W,Image_LIST_2W
0,RJDNW,GREEN,RJDNW,HOUSE,DISC,match,0,1,PinkDisc_2.jpg,GreenDisc_3.jpg,RedDisc_3.jpg,PinkHouse_2.jpg
1,ZBXLV,BROWN,WVCNZ,CROSS,DISC,match,0,2,BrownDisc_2.jpg,BrownDisc_2.jpg,PinkDisc_3.jpg,PinkDisc_3.jpg
2,QXSW,BLUE,QXSW,BOAT,DISC,mismatch,3,0,RedKey_3.jpg,BrownCup_3.jpg,BrownKey_3.jpg,BrownCar_1.jpg
3,MTPV,PINK,MTPV,LAMP,DISC,mismatch,2,0,BlackFork_1.jpg,BlueDisc_1.jpg,GreenCar_2.jpg,BlueFork_2.jpg
4,RJDNW,BROWN,WVCNZ,HOUSE,PLANE,match,0,1,BlackPlane_2.jpg,BrownPlane_3.jpg,BluePlane_2.jpg,GreenHouse_1.jpg
5,WVCNZ,GREEN,ZBXLV,CROSS,PLANE,match,0,2,PinkPlane_2.jpg,GreenPlane_1.jpg,BluePlane_1.jpg,PinkPlane_1.jpg
6,MTPV,PINK,MTPV,LAMP,PLANE,mismatch,3,0,GreenSquare_1.jpg,PinkSquare_3.jpg,BlackBone_3.jpg,BlueSquare_1.jpg
7,XKQ,RED,XKQ,CUP,PLANE,mismatch,1,0,BrownLamp_3.jpg,RedLock_3.jpg,BlackNote_2.jpg,BlackLamp_3.jpg
8,WVCNZ,GREEN,WVCNZ,CROSS,BAG,match,0,1,RedBag_2.jpg,GreenBag_1.jpg,BlackBag_2.jpg,GreenCross_2.jpg
9,QXSW,PINK,QXSW,BOAT,BAG,match,0,2,RedBag_2.jpg,PinkBag_2.jpg,BlueBag_1.jpg,PinkBag_1.jpg
10,ZBXLV,BLACK,ZBXLV,HOUSE,BAG,mismatch,1,0,PinkCar_1.jpg,BlackLock_3.jpg,BlueHeart_1.jpg,BrownBoat_1.jpg
11,XKQ,RED,XKQ,CUP,BAG,mismatch,2,0,BrownLock_2.jpg,GreenBag_3.jpg,GreenCross_2.jpg,BlueFlag_2.jpg
12,WVCNZ,BROWN,RJDNW,HOUSE,LOCK,match,0,1,RedLock_3.jpg,BrownLock_3.jpg,BrownLock_1.jpg,BlackHouse_1.jpg
13,ZBXLV,BLACK,WVCNZ,PLANE,LOCK,match,0,2,GreenLock_1.jpg,BlackLock_1.jpg,BrownLock_3.jpg,PinkLock_1.jpg
14,QXSW,BLUE,MTPV,LAMP,LOCK,mismatch,2,0,BrownDisc_1.jpg,BlackLock_2.jpg,BlueHeart_2.jpg,BlackCross_1.jpg
15,RJDNW,GREEN,ZBXLV,CROSS,LOCK,mismatch,3,0,GreenFork_1.jpg,BrownFlag_3.jpg,PinkLamp_3.jpg,BrownNote_1.jpg
16,WVCNZ,BROWN,ZBXLV,CROSS,CANE,match,0,1,BrownCane_1.jpg,BrownCane_3.jpg,GreenCane_1.jpg,BlueCross_1.jpg
17,QXSW,BLUE,MTPV,BOAT,CANE,match,0,2,BlackCane_2.jpg,BlueCane_3.jpg,RedCane_2.jpg,BlueCane_3.jpg
18,XKQ,RED,XKQ,CUP,CANE,mismatch,1,0,BlueCross_3.jpg,RedBag_1.jpg,PinkTree_1.jpg,GreenFlag_1.jpg
19,MTPV,PINK,QXSW,LAMP,CANE,mismatch,2,0,BrownBell_2.jpg,BlueCane_3.jpg,PinkNote_2.jpg,BrownShoe_3.jpg
20,XKQ,RED,XKQ,CUP,HAND,match,0,1,BrownHand_3.jpg,RedHand_2.jpg,BlackHand_2.jpg,PinkCup_2.jpg
21,ZBXLV,GREEN,ZBXLV,CROSS,HAND,match,0,2,BlueHand_1.jpg,GreenHand_3.jpg,GreenHand_2.jpg,GreenHand_1.jpg
22,MTPV,BLUE,QXSW,BOAT,HAND,mismatch,1,0,BlackHeart_3.jpg,BlueFork_2.jpg,PinkPlane_3.jpg,PinkCar_2.jpg
23,RJDNW,BROWN,RJDNW,HOUSE,HAND,mismatch,2,0,GreenSquare_2.jpg,BlueHand_3.jpg,RedFork_1.jpg,BlackLeaf_2.jpg
24,WVCNZ,BLACK,WVCNZ,CROSS,KEY,match,0,1,BlackKey_2.jpg,BlackKey_3.jpg,BlackKey_2.jpg,PinkCross_1.jpg
25,MTPV,PINK,MTPV,LAMP,KEY,match,0,2,BlackKey_3.jpg,PinkKey_1.jpg,PinkKey_1.jpg,PinkKey_1.jpg
26,XKQ,RED,XKQ,CUP,KEY,mismatch,3,0,GreenHeart_2.jpg,RedFork_3.jpg,BlackShoe_2.jpg,GreenPlane_2.jpg
27,ZBXLV,BROWN,RJDNW,PLANE,KEY,mismatch,1,0,BrownTree_2.jpg,BrownLamp_2.jpg,GreenStar_1.jpg,BlueLeaf_1.jpg
28,QXSW,BLUE,QXSW,LAMP,SHOE,match,0,1,PinkShoe_1.jpg,BlueShoe_2.jpg,BlueShoe_2.jpg,PinkLamp_2.jpg
29,ZBXLV,GREEN,WVCNZ,HOUSE,SHOE,match,0,2,GreenShoe_3.jpg,GreenShoe_2.jpg,BrownShoe_1.jpg,BlueShoe_3.jpg
30,MTPV,PINK,MTPV,BOAT,SHOE,mismatch,3,0,PinkCane_3.jpg,PinkHand_3.jpg,PinkKey_2.jpg,GreenHand_3.jpg
31,XKQ,RED,XKQ,CUP,SHOE,mismatch,3,0,BrownStar_3.jpg,RedLock_3.jpg,BlueBone_1.jpg,PinkLeaf_3.jpg
32,QXSW,BLUE,QXSW,LAMP,BONE,match,0,1,RedBone_3.jpg,BlueBone_3.jpg,BlackBone_3.jpg,RedLamp_3.jpg
33,XKQ,RED,XKQ,CUP,BONE,match,0,2,RedBone_1.jpg,RedBone_1.jpg,BlueBone_2.jpg,BlackBone_3.jpg
34,RJDNW,BLACK,ZBXLV,CROSS,BONE,mismatch,1,0,PinkLamp_2.jpg,BlackKey_2.jpg,BrownPlane_1.jpg,GreenFlag_3.jpg
35,ZBXLV,GREEN,WVCNZ,PLANE,BONE,mismatch,1,0,RedBow_3.jpg,GreenPlane_3.jpg,BlueHand_2.jpg,BlueStar_2.jpg
36,MTPV,PINK,QXSW,BOAT,SQUARE,match,0,1,RedSquare_3.jpg,PinkSquare_3.jpg,BlueSquare_1.jpg,PinkBoat_3.jpg
37,ZBXLV,GREEN,ZBXLV,PLANE,SQUARE,match,0,2,BrownSquare_2.jpg,GreenSquare_2.jpg,PinkSquare_1.jpg,BlueSquare_2.jpg
38,RJDNW,BROWN,WVCNZ,HOUSE,SQUARE,mismatch,1,0,RedBag_2.jpg,BrownLamp_2.jpg,RedBone_3.jpg,GreenKey_3.jpg
39,WVCNZ,BLACK,RJDNW,CROSS,SQUARE,mismatch,3,0,BrownFork_2.jpg,BrownHouse_1.jpg,GreenCane_1.jpg,GreenBone_1.jpg
40,XKQ,RED,XKQ,CUP,BELL,match,0,1,GreenBell_1.jpg,RedBell_3.jpg,RedBell_2.jpg,RedCup_2.jpg
41,QXSW,BLUE,QXSW,BOAT,BELL,match,0,2,BrownBell_1.jpg,BlueBell_2.jpg,GreenBell_3.jpg,BrownBell_2.jpg
42,ZBXLV,BROWN,RJDNW,HOUSE,BELL,mismatch,2,0,BlackLeaf_2.jpg,GreenBell_1.jpg,GreenCross_1.jpg,RedHeart_1.jpg
43,MTPV,PINK,MTPV,LAMP,BELL,mismatch,3,0,GreenHand_3.jpg,BlueFlag_3.jpg,RedHeart_2.jpg,BlackShoe_2.jpg
44,RJDNW,GREEN,ZBXLV,PLANE,BOAT,match,0,1,PinkBoat_1.jpg,GreenBoat_1.jpg,RedBoat_1.jpg,BrownPlane_2.jpg
45,MTPV,PINK,MTPV,LAMP,BOAT,match,0,2,PinkBoat_1.jpg,PinkBoat_2.jpg,GreenBoat_2.jpg,RedBoat_1.jpg
46,ZBXLV,BLACK,RJDNW,CROSS,BOAT,mismatch,2,0,BrownCup_3.jpg,BlueBoat_1.jpg,RedPlane_2.jpg,RedFork_3.jpg
47,WVCNZ,BROWN,WVCNZ,HOUSE,BOAT,mismatch,2,0,PinkDisc_2.jpg,GreenBoat_2.jpg,BlackDisc_1.jpg,GreenSquare_2.jpg
48,RJDNW,BROWN,RJDNW,HOUSE,BOW,match,0,1,GreenBow_1.jpg,BrownBow_2.jpg,BlackBow_2.jpg,RedHouse_1.jpg
49,WVCNZ,GREEN,ZBXLV,PLANE,BOW,match,0,2,PinkBow_3.jpg,GreenBow_1.jpg,BlueBow_2.jpg,RedBow_1.jpg
50,MTPV,PINK,QXSW,LAMP,BOW,mismatch,3,0,RedShoe_2.jpg,RedCup_3.jpg,BlueStar_1.jpg,PinkCane_3.jpg
51,QXSW,BLUE,MTPV,BOAT,BOW,mismatch,3,0,BrownDisc_1.jpg,BrownCar_1.jpg,PinkBoat_2.jpg,BlackBell_2.jpg
52,QXSW,PINK,MTPV,BOAT,CAR,match,0,1,PinkCar_3.jpg,PinkCar_2.jpg,BrownCar_3.jpg,GreenBoat_2.jpg
53,ZBXLV,BROWN,WVCNZ,HOUSE,CAR,match,0,2,PinkCar_2.jpg,BrownCar_3.jpg,GreenCar_1.jpg,BlackCar_2.jpg
54,WVCNZ,GREEN,ZBXLV,PLANE,CAR,mismatch,3,0,GreenBell_2.jpg,PinkBone_1.jpg,GreenLamp_3.jpg,BlueSquare_1.jpg
55,RJDNW,BLACK,RJDNW,CROSS,CAR,mismatch,3,0,PinkSquare_1.jpg,BlackSquare_3.jpg,BlueKey_2.jpg,BlueCane_2.jpg
56,QXSW,PINK,QXSW,LAMP,CROSS,match,0,1,BlackCross_3.jpg,PinkCross_1.jpg,BlueCross_1.jpg,RedLamp_2.jpg
57,MTPV,BLUE,MTPV,BOAT,CROSS,match,0,2,PinkCross_3.jpg,BlueCross_3.jpg,PinkCross_3.jpg,BlackCross_2.jpg
58,WVCNZ,BROWN,ZBXLV,PLANE,CROSS,mismatch,1,0,GreenHand_3.jpg,BrownBell_3.jpg,PinkCar_3.jpg,BrownKey_1.jpg
59,XKQ,RED,XKQ,CUP,CROSS,mismatch,3,0,BlackHouse_3.jpg,BlueSquare_3.jpg,GreenFork_1.jpg,BrownHouse_3.jpg
60,QXSW,BLUE,MTPV,LAMP,CUP,match,0,1,GreenCup_3.jpg,BlueCup_3.jpg,RedCup_1.jpg,BlackLamp_3.jpg
61,MTPV,PINK,QXSW,BOAT,CUP,match,0,2,BrownCup_2.jpg,PinkCup_3.jpg,BlueCup_2.jpg,BlueCup_2.jpg
62,RJDNW,BLACK,ZBXLV,CROSS,CUP,mismatch,1,0,BlueLeaf_2.jpg,BlackBag_3.jpg,RedLamp_3.jpg,GreenCar_2.jpg
63,ZBXLV,BROWN,RJDNW,HOUSE,CUP,mismatch,2,0,BlackStar_2.jpg,GreenCup_2.jpg,BrownStar_2.jpg,BluePlane_2.jpg
64,MTPV,BLUE,QXSW,BOAT,FLAG,match,0,1,BlackFlag_1.jpg,BlueFlag_3.jpg,GreenFlag_2.jpg,GreenBoat_2.jpg
65,WVCNZ,BROWN,RJDNW,PLANE,FLAG,match,0,2,PinkFlag_1.jpg,BrownFlag_1.jpg,PinkFlag_1.jpg,BrownFlag_2.jpg
66,RJDNW,GREEN,ZBXLV,CROSS,FLAG,mismatch,2,0,GreenBell_3.jpg,BrownFlag_3.jpg,PinkNote_3.jpg,GreenBow_2.jpg
67,XKQ,RED,XKQ,CUP,FLAG,mismatch,2,0,RedBone_1.jpg,BlueFlag_2.jpg,BlackBell_1.jpg,RedCar_3.jpg
68,QXSW,BLUE,MTPV,LAMP,FORK,match,0,1,BlueFork_3.jpg,BlueFork_3.jpg,RedFork_2.jpg,PinkLamp_3.jpg
69,RJDNW,BROWN,ZBXLV,HOUSE,FORK,match,0,2,GreenFork_2.jpg,BrownFork_1.jpg,BlackFork_2.jpg,RedFork_2.jpg
70,XKQ,RED,XKQ,CUP,FORK,mismatch,3,0,GreenHand_1.jpg,RedShoe_1.jpg,RedBell_2.jpg,PinkCross_2.jpg
71,MTPV,PINK,QXSW,BOAT,FORK,mismatch,2,0,BrownPlane_3.jpg,BlackFork_1.jpg,RedBone_2.jpg,PinkCar_3.jpg
72,XKQ,RED,XKQ,CUP,HEART,match,0,1,RedHeart_3.jpg,RedHeart_1.jpg,BlueHeart_1.jpg,RedCup_3.jpg
73,ZBXLV,BROWN,WVCNZ,PLANE,HEART,match,0,2,RedHeart_3.jpg,BrownHeart_2.jpg,BlackHeart_3.jpg,BlueHeart_2.jpg
74,RJDNW,BLACK,RJDNW,CROSS,HEART,mismatch,2,0,BlueFlag_2.jpg,PinkHeart_2.jpg,PinkStar_2.jpg,RedBow_2.jpg
75,QXSW,PINK,MTPV,LAMP,HEART,mismatch,1,0,PinkBoat_1.jpg,PinkHand_1.jpg,BrownHand_2.jpg,PinkSquare_3.jpg
76,ZBXLV,BROWN,RJDNW,PLANE,LAMP,match,0,1,PinkLamp_2.jpg,BrownLamp_2.jpg,RedLamp_1.jpg,BlackPlane_2.jpg
77,RJDNW,GREEN,WVCNZ,HOUSE,LAMP,match,0,2,GreenLamp_2.jpg,GreenLamp_3.jpg,BlackLamp_3.jpg,BlackLamp_1.jpg
78,XKQ,RED,XKQ,CUP,LAMP,mismatch,1,0,PinkHouse_2.jpg,RedCar_1.jpg,BlackBell_3.jpg,BlackLeaf_2.jpg
79,WVCNZ,BLACK,ZBXLV,CROSS,LAMP,mismatch,1,0,GreenCane_3.jpg,BlackCross_3.jpg,BlueKey_2.jpg,PinkSquare_2.jpg
80,RJDNW,BROWN,RJDNW,HOUSE,LEAF,match,0,1,PinkLeaf_1.jpg,BrownLeaf_3.jpg,GreenLeaf_1.jpg,PinkHouse_2.jpg
81,ZBXLV,GREEN,ZBXLV,PLANE,LEAF,match,0,2,RedLeaf_3.jpg,GreenLeaf_2.jpg,BlueLeaf_2.jpg,BlackLeaf_3.jpg
82,QXSW,BLUE,MTPV,LAMP,LEAF,mismatch,3,0,RedBone_2.jpg,BrownHand_3.jpg,PinkPlane_3.jpg,BlackBow_1.jpg
83,WVCNZ,BLACK,WVCNZ,CROSS,LEAF,mismatch,2,0,GreenCup_2.jpg,RedLeaf_2.jpg,PinkPlane_2.jpg,GreenBone_3.jpg
84,QXSW,BLUE,QXSW,LAMP,NOTE,match,0,1,BrownNote_3.jpg,BlueNote_3.jpg,BlackNote_2.jpg,GreenLamp_3.jpg
85,RJDNW,BROWN,ZBXLV,HOUSE,NOTE,match,0,2,BrownNote_2.jpg,BrownNote_3.jpg,BrownNote_3.jpg,BlueNote_3.jpg
86,ZBXLV,GREEN,WVCNZ,CROSS,NOTE,mismatch,1,0,PinkCane_3.jpg,GreenHand_3.jpg,BlackHouse_2.jpg,RedLeaf_3.jpg
87,MTPV,PINK,MTPV,BOAT,NOTE,mismatch,3,0,BlueBag_2.jpg,GreenKey_2.jpg,BrownBow_2.jpg,GreenFork_1.jpg
88,QXSW,BLUE,QXSW,BOAT,STAR,match,0,1,GreenStar_1.jpg,BlueStar_1.jpg,GreenStar_1.jpg,PinkBoat_2.jpg
89,MTPV,PINK,MTPV,LAMP,STAR,match,0,2,PinkStar_1.jpg,PinkStar_2.jpg,BrownStar_1.jpg,PinkStar_3.jpg
90,XKQ,RED,XKQ,CUP,STAR,mismatch,2,0,PinkLock_2.jpg,BlueStar_1.jpg,BlackTree_1.jpg,GreenNote_3.jpg
91,RJDNW,BLACK,RJDNW,HOUSE,STAR,mismatch,1,0,BlueNote_3.jpg,BlackCar_1.jpg,RedLock_1.jpg,PinkBag_1.jpg
92,RJDNW,GREEN,WVCNZ,HOUSE,TREE,match,0,1,BrownTree_1.jpg,GreenTree_2.jpg,BrownTree_3.jpg,BlackHouse_3.jpg
93,ZBXLV,BROWN,ZBXLV,CROSS,TREE,match,0,2,PinkTree_1.jpg,BrownTree_2.jpg,GreenTree_1.jpg,BlackTree_3.jpg
94,QXSW,PINK,QXSW,BOAT,TREE,mismatch,1,0,RedKey_3.jpg,PinkPlane_3.jpg,BlackFlag_2.jpg,PinkCane_2.jpg
95,WVCNZ,BLACK,RJDNW,PLANE,TREE,mismatch,3,0,PinkPlane_2.jpg,BlackFlag_2.jpg,PinkSquare_3.jpg,RedHeart_3.jpg
96,RJDNW,BLACK,WVCNZ,PLANE,HOUSE,match,0,1,BlackHouse_1.jpg,BlackHouse_1.jpg,PinkHouse_1.jpg,RedPlane_1.jpg
97,WVCNZ,BROWN,ZBXLV,CROSS,HOUSE,match,0,2,RedHouse_3.jpg,BrownHouse_1.jpg,BlueHouse_2.jpg,BrownHouse_1.jpg
98,QXSW,BLUE,MTPV,LAMP,HOUSE,mismatch,3,0,GreenLamp_1.jpg,BrownCar_3.jpg,RedCane_1.jpg,PinkPlane_1.jpg
99,MTPV,PINK,QXSW,BOAT,HOUSE,mismatch,2,0,BlackPlane_2.jpg,GreenHouse_3.jpg,RedBell_3.jpg,RedNote_3.jpg
