,Consonant_COMP,Modifier_COMP,Consonant_LIST,Modifier_LIST,Head,Match,Mismatch_Type,List_Match,Image_COMP_1W,Image_COMP_2W,Image_LIST_1W,Image_LIST_2W
0,QXSW,BLUE,MTPV,BOAT,DISC,match,0,1,PinkDisc_2.jpg,BlueDisc_1.jpg,BlackDisc_2.jpg,BrownBoat_3.jpg
1,MTPV,PINK,QXSW,LAMP,DISC,match,0,2,PinkDisc_2.jpg,PinkDisc_1.jpg,GreenDisc_2.jpg,GreenDisc_3.jpg
2,WVCNZ,BROWN,RJDNW,HOUSE,DISC,mismatch,3,0,RedLock_1.jpg,PinkBow_2.jpg,PinkBone_2.jpg,BrownBoat_3.jpg
3,ZBXLV,GREEN,WVCNZ,CROSS,DISC,mismatch,3,0,GreenKey_3.jpg,BlueCup_2.jpg,BrownLock_2.jpg,GreenCar_1.jpg
4,MTPV,PINK,QXSW,LAMP,PLANE,match,0,1,BlackPlane_2.jpg,PinkPlane_2.jpg,BlackPlane_2.jpg,PinkLamp_1.jpg
5,WVCNZ,BLACK,RJDNW,HOUSE,PLANE,match,0,2,PinkPlane_1.jpg,BlackPlane_2.jpg,PinkPlane_2.jpg,BrownPlane_1.jpg
6,ZBXLV,BROWN,ZBXLV,CROSS,PLANE,mismatch,1,0,RedDisc_3.jpg,BrownLeaf_2.jpg,PinkLock_1.jpg,BrownTree_2.jpg
7,XKQ,RED,XKQ,CUP,PLANE,mismatch,3,0,RedStar_3.jpg,BlackCross_3.jpg,BrownBell_1.jpg,PinkCross_3.jpg
8,RJDNW,BLACK,ZBXLV,PLANE,BAG,match,0,1,BrownBag_2.jpg,BlackBag_1.jpg,RedBag_2.jpg,PinkPlane_1.jpg
9,WVCNZ,GREEN,RJDNW,HOUSE,BAG,match,0,2,PinkBag_1.jpg,GreenBag_2.jpg,BrownBag_2.jpg,BlackBag_2.jpg
10,MTPV,PINK,QXSW,BOAT,BAG,mismatch,3,0,RedCar_2.jpg,BlackKey_3.jpg,BrownCane_2.jpg,BlackLock_1.jpg
11,XKQ,RED,XKQ,CUP,BAG,mismatch,1,0,BlackTree_1.jpg,RedLeaf_2.jpg,BlackCane_2.jpg,BlueDisc_3.jpg
12,QXSW,BLUE,QXSW,LAMP,LOCK,match,0,1,BlueLock_1.jpg,BlueLock_3.jpg,BlueLock_1.jpg,GreenLamp_1.jpg
13,ZBXLV,GREEN,ZBXLV,HOUSE,LOCK,match,0,2,PinkLock_3.jpg,GreenLock_2.jpg,RedLock_1.jpg,BlackLock_1.jpg
14,RJDNW,BLACK,RJDNW,CROSS,LOCK,mismatch,3,0,RedBag_2.jpg,BlueHeart_3.jpg,BrownCane_1.jpg,PinkCup_1.jpg
15,WVCNZ,BROWN,WVCNZ,PLANE,LOCK,mismatch,1,0,BlueStar_3.jpg,BrownHeart_1.jpg,PinkBell_3.jpg,RedCane_3.jpg
16,QXSW,BLUE,QXSW,BOAT,CANE,match,0,1,GreenCane_3.jpg,BlueCane_3.jpg,BlackCane_2.jpg,GreenBoat_2.jpg
17,WVCNZ,GREEN,WVCNZ,HOUSE,CANE,match,0,2,BlueCane_3.jpg,GreenCane_3.jpg,PinkCane_3.jpg,GreenCane_2.jpg
18,XKQ,RED,XKQ,CUP,CANE,mismatch,3,0,RedCar_2.jpg,BrownLock_1.jpg,BlueShoe_2.jpg,BrownSquare_3.jpg
19,RJDNW,BROWN,ZBXLV,PLANE,CANE,mismatch,1,0,RedBag_1.jpg,BrownHeart_3.jpg,BlackSquare_3.jpg,GreenSquare_1.jpg
20,XKQ,RED,XKQ,CUP,HAND,match,0,1,PinkHand_3.jpg,RedHand_2.jpg,RedHand_2.jpg,PinkCup_3.jpg
21,QXSW,PINK,MTPV,BOAT,HAND,match,0,2,RedHand_3.jpg,PinkHand_2.jpg,BlueHand_3.jpg,BrownHand_1.jpg
22,WVCNZ,GREEN,RJDNW,CROSS,HAND,mismatch,3,0,BrownTree_2.jpg,RedCup_3.jpg,BlueFork_1.jpg,GreenHouse_2.jpg
23,RJDNW,BLACK,ZBXLV,HOUSE,HAND,mismatch,3,0,GreenBow_3.jpg,GreenCane_1.jpg,BlackSquare_2.jpg,BlueBow_3.jpg
24,RJDNW,BROWN,WVCNZ,HOUSE,KEY,match,0,1,GreenKey_2.jpg,BrownKey_3.jpg,GreenKey_3.jpg,BrownHouse_1.jpg
25,QXSW,BLUE,QXSW,LAMP,KEY,match,0,2,GreenKey_3.jpg,BlueKey_2.jpg,GreenKey_2.jpg,RedKey_2.jpg
26,XKQ,RED,XKQ,CUP,KEY,mismatch,2,0,BlackBone_1.jpg,BlueKey_3.jpg,PinkNote_1.jpg,GreenPlane_1.jpg
27,MTPV,PINK,MTPV,BOAT,KEY,mismatch,3,0,RedCane_1.jpg,BlueLamp_2.jpg,GreenBell_2.jpg,RedHand_1.jpg
28,MTPV,BLUE,QXSW,LAMP,SHOE,match,0,1,RedShoe_1.jpg,BlueShoe_1.jpg,BlueShoe_2.jpg,PinkLamp_3.jpg
29,QXSW,PINK,MTPV,BOAT,SHOE,match,0,2,GreenShoe_3.jpg,PinkShoe_2.jpg,BlueShoe_3.jpg,BlueShoe_3.jpg
30,XKQ,RED,XKQ,CUP,SHOE,mismatch,1,0,PinkLock_1.jpg,RedCar_3.jpg,BluePlane_2.jpg,BrownBone_1.jpg
31,WVCNZ,BROWN,WVCNZ,HOUSE,SHOE,mismatch,3,0,BlueBell_2.jpg,BlackBone_3.jpg,PinkHeart_2.jpg,RedLock_1.jpg
32,XKQ,RED,XKQ,CUP,BONE,match,0,1,PinkBone_1.jpg,RedBone_1.jpg,BrownBone_3.jpg,BlackCup_2.jpg
33,RJDNW,BROWN,WVCNZ,PLANE,BONE,match,0,2,RedBone_2.jpg,BrownBone_2.jpg,BlueBone_2.jpg,BrownBone_3.jpg
34,QXSW,BLUE,QXSW,LAMP,BONE,mismatch,1,0,BlackPlane_1.jpg,BlueHand_1.jpg,GreenBag_1.jpg,BrownCane_3.jpg
35,MTPV,PINK,MTPV,BOAT,BONE,mismatch,1,0,GreenLeaf_1.jpg,PinkHand_1.jpg,PinkShoe_1.jpg,BrownKey_3.jpg
36,WVCNZ,BLACK,WVCNZ,CROSS,SQUARE,match,0,1,PinkSquare_2.jpg,BlackSquare_3.jpg,PinkSquare_3.jpg,GreenCross_3.jpg
37,QXSW,BLUE,MTPV,BOAT,SQUARE,match,0,2,BlueSquare_3.jpg,BlueSquare_3.jpg,GreenSquare_2.jpg,GreenSquare_1.jpg
38,ZBXLV,BROWN,RJDNW,PLANE,SQUARE,mismatch,2,0,BrownFork_1.jpg,BlueSquare_3.jpg,RedShoe_2.jpg,BrownTree_1.jpg
39,XKQ,RED,XKQ,CUP,SQUARE,mismatch,2,0,BlackCup_3.jpg,BlackSquare_3.jpg,PinkLeaf_2.jpg,PinkLock_2.jpg
40,XKQ,RED,XKQ,CUP,BELL,match,0,1,BlackBell_3.jpg,RedBell_2.jpg,BlueBell_2.jpg,PinkCup_1.jpg
41,ZBXLV,BLACK,WVCNZ,PLANE,BELL,match,0,2,BlackBell_1.jpg,BlackBell_3.jpg,BrownBell_3.jpg,BrownBell_1.jpg
42,WVCNZ,GREEN,ZBXLV,HOUSE,BELL,mismatch,2,0,BlackBoat_2.jpg,PinkBell_2.jpg,BrownStar_2.jpg,BlackBoat_2.jpg
43,QXSW,PINK,QXSW,BOAT,BELL,mismatch,1,0,RedCane_1.jpg,PinkFlag_1.jpg,BrownTree_1.jpg,PinkCane_3.jpg
44,XKQ,RED,XKQ,CUP,BOAT,match,0,1,GreenBoat_1.jpg,RedBoat_1.jpg,BrownBoat_2.jpg,PinkCup_1.jpg
45,RJDNW,BROWN,RJDNW,HOUSE,BOAT,match,0,2,BlueBoat_2.jpg,BrownBoat_3.jpg,PinkBoat_1.jpg,BlueBoat_3.jpg
46,WVCNZ,BLACK,ZBXLV,PLANE,BOAT,mismatch,3,0,BrownPlane_1.jpg,PinkKey_2.jpg,BlueNote_1.jpg,BlackLock_1.jpg
47,QXSW,BLUE,MTPV,LAMP,BOAT,mismatch,1,0,PinkKey_3.jpg,BlueKey_1.jpg,BlueBow_1.jpg,BlueFlag_3.jpg
48,ZBXLV,BLACK,RJDNW,PLANE,BOW,match,0,1,BlackBow_2.jpg,BlackBow_3.jpg,BrownBow_3.jpg,RedPlane_1.jpg
49,QXSW,BLUE,MTPV,LAMP,BOW,match,0,2,PinkBow_2.jpg,BlueBow_2.jpg,RedBow_1.jpg,GreenBow_1.jpg
50,MTPV,PINK,QXSW,BOAT,BOW,mismatch,2,0,BrownBell_3.jpg,BrownBow_2.jpg,GreenKey_3.jpg,BlackFlag_3.jpg
51,XKQ,RED,XKQ,CUP,BOW,mismatch,1,0,GreenFork_2.jpg,RedPlane_2.jpg,BlueCane_3.jpg,BlueTree_3.jpg
52,ZBXLV,BLACK,WVCNZ,CROSS,CAR,match,0,1,BrownCar_1.jpg,BlackCar_2.jpg,BlackCar_3.jpg,GreenCross_1.jpg
53,QXSW,BLUE,QXSW,BOAT,CAR,match,0,2,BlackCar_3.jpg,BlueCar_3.jpg,BlueCar_3.jpg,BrownCar_2.jpg
54,RJDNW,BROWN,RJDNW,HOUSE,CAR,mismatch,3,0,RedCup_1.jpg,RedBoat_1.jpg,BrownPlane_1.jpg,GreenHeart_1.jpg
55,WVCNZ,GREEN,ZBXLV,PLANE,CAR,mismatch,3,0,BrownHand_2.jpg,BlueBone_1.jpg,GreenPlane_3.jpg,BlackHouse_3.jpg
56,XKQ,RED,XKQ,CUP,CROSS,match,0,1,BlackCross_2.jpg,RedCross_2.jpg,BrownCross_3.jpg,BlackCup_1.jpg
57,ZBXLV,GREEN,WVCNZ,HOUSE,CROSS,match,0,2,BrownCross_3.jpg,GreenCross_3.jpg,BlueCross_2.jpg,PinkCross_3.jpg
58,RJDNW,BLACK,RJDNW,PLANE,CROSS,mismatch,3,0,RedBell_2.jpg,BlackCar_1.jpg,BrownShoe_3.jpg,RedFork_3.jpg
59,QXSW,PINK,MTPV,LAMP,CROSS,mismatch,1,0,BlackHand_3.jpg,PinkCane_2.jpg,BlackFork_2.jpg,RedSquare_3.jpg
60,QXSW,PINK,QXSW,BOAT,CUP,match,0,1,GreenCup_1.jpg,PinkCup_2.jpg,BrownCup_2.jpg,RedBoat_1.jpg
61,MTPV,BLUE,MTPV,LAMP,CUP,match,0,2,BlueCup_3.jpg,BlueCup_1.jpg,BlackCup_2.jpg,PinkCup_3.jpg
62,WVCNZ,BLACK,RJDNW,PLANE,CUP,mismatch,1,0,BrownFlag_1.jpg,BlackBone_2.jpg,BlackKey_1.jpg,BrownLamp_3.jpg
63,RJDNW,GREEN,WVCNZ,CROSS,CUP,mismatch,2,0,BrownStar_1.jpg,PinkCup_3.jpg,BlueBone_3.jpg,BlackCane_2.jpg
64,QXSW,BLUE,QXSW,LAMP,FLAG,match,0,1,PinkFlag_1.jpg,BlueFlag_3.jpg,GreenFlag_3.jpg,RedLamp_1.jpg
65,WVCNZ,BLACK,RJDNW,PLANE,FLAG,match,0,2,BrownFlag_3.jpg,BlackFlag_2.jpg,RedFlag_3.jpg,RedFlag_1.jpg
66,RJDNW,GREEN,WVCNZ,HOUSE,FLAG,mismatch,3,0,RedCup_2.jpg,BrownCross_3.jpg,GreenHeart_1.jpg,BrownStar_2.jpg
67,MTPV,PINK,MTPV,BOAT,FLAG,mismatch,2,0,BlueDisc_2.jpg,BlackFlag_1.jpg,PinkBow_1.jpg,BlackHouse_3.jpg
68,RJDNW,BLACK,WVCNZ,PLANE,FORK,match,0,1,PinkFork_2.jpg,BlackFork_3.jpg,GreenFork_1.jpg,RedPlane_2.jpg
69,ZBXLV,GREEN,RJDNW,CROSS,FORK,match,0,2,BrownFork_3.jpg,GreenFork_1.jpg,BrownFork_3.jpg,BrownFork_2.jpg
70,WVCNZ,BROWN,ZBXLV,HOUSE,FORK,mismatch,2,0,BrownHand_3.jpg,PinkFork_2.jpg,BrownLock_3.jpg,BluePlane_2.jpg
71,XKQ,RED,XKQ,CUP,FORK,mismatch,1,0,BrownPlane_3.jpg,RedHand_2.jpg,BrownCross_3.jpg,BrownBow_3.jpg
72,XKQ,RED,XKQ,CUP,HEART,match,0,1,BrownHeart_2.jpg,RedHeart_2.jpg,BrownHeart_1.jpg,BlackCup_3.jpg
73,QXSW,PINK,QXSW,LAMP,HEART,match,0,2,BrownHeart_2.jpg,PinkHeart_1.jpg,BrownHeart_3.jpg,RedHeart_2.jpg
74,RJDNW,BROWN,ZBXLV,CROSS,HEART,mismatch,3,0,BlueStar_3.jpg,BlueKey_2.jpg,BlueNote_1.jpg,GreenShoe_1.jpg
75,MTPV,BLUE,MTPV,BOAT,HEART,mismatch,3,0,BrownBone_2.jpg,BlueFork_1.jpg,PinkHand_2.jpg,GreenFlag_2.jpg
76,WVCNZ,BLACK,WVCNZ,CROSS,LAMP,match,0,1,PinkLamp_3.jpg,BlackLamp_2.jpg,GreenLamp_3.jpg,PinkCross_1.jpg
77,MTPV,BLUE,MTPV,BOAT,LAMP,match,0,2,BlackLamp_1.jpg,BlueLamp_3.jpg,BlueLamp_3.jpg,BlueLamp_1.jpg
78,RJDNW,BROWN,RJDNW,HOUSE,LAMP,mismatch,2,0,BrownLeaf_1.jpg,BrownLamp_1.jpg,BrownFlag_1.jpg,BrownHeart_3.jpg
79,XKQ,RED,XKQ,CUP,LAMP,mismatch,1,0,GreenFlag_1.jpg,RedBow_1.jpg,GreenFlag_3.jpg,RedPlane_2.jpg
80,WVCNZ,GREEN,ZBXLV,PLANE,LEAF,match,0,1,RedLeaf_2.jpg,GreenLeaf_1.jpg,BlueLeaf_2.jpg,PinkPlane_1.jpg
81,QXSW,PINK,MTPV,LAMP,LEAF,match,0,2,BlackLeaf_2.jpg,PinkLeaf_2.jpg,BlackLeaf_2.jpg,BlueLeaf_1.jpg
82,ZBXLV,BROWN,RJDNW,CROSS,LEAF,mismatch,2,0,GreenBoat_1.jpg,GreenLeaf_2.jpg,BlueStar_2.jpg,BlackBow_2.jpg
83,XKQ,RED,XKQ,CUP,LEAF,mismatch,2,0,GreenPlane_1.jpg,BrownLeaf_1.jpg,BlueCross_2.jpg,BlackBow_1.jpg
84,MTPV,PINK,QXSW,LAMP,NOTE,match,0,1,BlueNote_1.jpg,PinkNote_1.jpg,GreenNote_1.jpg,GreenLamp_1.jpg
85,WVCNZ,GREEN,RJDNW,HOUSE,NOTE,match,0,2,RedNote_3.jpg,GreenNote_1.jpg,BlueNote_3.jpg,BlueNote_1.jpg
86,RJDNW,BLACK,WVCNZ,PLANE,NOTE,mismatch,2,0,BlueHand_1.jpg,PinkNote_1.jpg,RedCross_2.jpg,BlueHeart_1.jpg
87,XKQ,RED,XKQ,CUP,NOTE,mismatch,2,0,RedCane_2.jpg,BrownNote_1.jpg,RedCar_2.jpg,BrownHeart_1.jpg
88,QXSW,PINK,QXSW,BOAT,STAR,match,0,1,BrownStar_1.jpg,PinkStar_3.jpg,PinkStar_2.jpg,RedBoat_3.jpg
89,ZBXLV,GREEN,RJDNW,HOUSE,STAR,match,0,2,BlueStar_1.jpg,GreenStar_3.jpg,BlackStar_2.jpg,RedStar_2.jpg
90,WVCNZ,BLACK,WVCNZ,CROSS,STAR,mismatch,1,0,RedFork_1.jpg,BlackHeart_1.jpg,BrownHeart_1.jpg,RedKey_1.jpg
91,MTPV,BLUE,MTPV,LAMP,STAR,mismatch,2,0,RedShoe_3.jpg,RedStar_3.jpg,GreenFork_3.jpg,BlueHouse_2.jpg
92,QXSW,PINK,QXSW,LAMP,TREE,match,0,1,BlackTree_1.jpg,PinkTree_2.jpg,BlueTree_3.jpg,BrownLamp_1.jpg
93,MTPV,BLUE,MTPV,BOAT,TREE,match,0,2,RedTree_1.jpg,BlueTree_1.jpg,PinkTree_1.jpg,BrownTree_1.jpg
94,ZBXLV,GREEN,ZBXLV,CROSS,TREE,mismatch,1,0,GreenBell_2.jpg,GreenFork_3.jpg,BlackSquare_3.jpg,BrownFork_2.jpg
95,XKQ,RED,XKQ,CUP,TREE,mismatch,2,0,BlueCar_3.jpg,RedTree_3.jpg,BlueBow_2.jpg,RedLeaf_2.jpg
96,ZBXLV,GREEN,ZBXLV,PLANE,HOUSE,match,0,1,BlackHouse_2.jpg,GreenHouse_3.jpg,PinkHouse_3.jpg,GreenPlane_2.jpg
97,MTPV,BLUE,MTPV,BOAT,HOUSE,match,0,2,BlackHouse_2.jpg,BlueHouse_2.jpg,RedHouse_3.jpg,PinkHouse_1.jpg
98,QXSW,PINK,QXSW,LAMP,HOUSE,mismatch,3,0,BlueLock_2.jpg,RedCup_3.jpg,BlueLeaf_2.jpg,GreenHeart_3.jpg
99,RJDNW,BROWN,RJDNW,CROSS,HOUSE,mismatch,2,0,RedDisc_3.jpg,BlackHouse_3.jpg,PinkSquare_3.jpg,GreenSquare_3.jpg
