,Consonant_COMP,Modifier_COMP,Consonant_LIST,Modifier_LIST,Head,Match,Mismatch_Type,List_Match,Image_COMP_1W,Image_COMP_2W,Image_LIST_1W,Image_LIST_2W
0,ZBXLV,BROWN,WVCNZ,HOUSE,DISC,match,0,1,GreenDisc_1.jpg,BrownDisc_3.jpg,BlueDisc_1.jpg,PinkHouse_1.jpg
1,MTPV,PINK,MTPV,BOAT,DISC,match,0,2,BlackDisc_3.jpg,PinkDisc_2.jpg,BlueDisc_1.jpg,BlackDisc_1.jpg
2,QXSW,BLUE,QXSW,LAMP,DISC,mismatch,2,0,BrownLamp_1.jpg,RedDisc_3.jpg,PinkShoe_3.jpg,BlueCar_2.jpg
3,WVCNZ,GREEN,ZBXLV,CROSS,DISC,mismatch,1,0,RedBow_1.jpg,GreenStar_3.jpg,BlueFork_3.jpg,BlackLamp_1.jpg
4,MTPV,BLUE,MTPV,BOAT,PLANE,match,0,1,BlackPlane_1.jpg,BluePlane_2.jpg,BluePlane_2.jpg,BrownBoat_3.jpg
5,QXSW,PINK,QXSW,LAMP,PLANE,match,0,2,BrownPlane_2.jpg,PinkPlane_2.jpg,BrownPlane_3.jpg,RedPlane_2.jpg
6,ZBXLV,GREEN,WVCNZ,HOUSE,PLANE,mismatch,3,0,BrownBell_2.jpg,BrownLeaf_2.jpg,BlackSquare_1.jpg,GreenFork_1.jpg
7,XKQ,RED,XKQ,CUP,PLANE,mismatch,2,0,PinkHeart_1.jpg,PinkPlane_2.jpg,PinkHand_2.jpg,RedDisc_1.jpg
8,ZBXLV,BROWN,RJDNW,HOUSE,BAG,match,0,1,BrownBag_2.jpg,BrownBag_1.jpg,BlackBag_1.jpg,RedHouse_1.jpg
9,MTPV,PINK,QXSW,BOAT,BAG,match,0,2,RedBag_2.jpg,PinkBag_2.jpg,BlackBag_3.jpg,BlackBag_3.jpg
10,QXSW,BLUE,MTPV,LAMP,BAG,mismatch,1,0,BlueFork_1.jpg,BlueDisc_1.jpg,BlackPlane_2.jpg,BlackCup_3.jpg
11,RJDNW,GREEN,WVCNZ,PLANE,BAG,mismatch,1,0,BlueBoat_2.jpg,GreenBow_3.jpg,RedDisc_2.jpg,BrownKey_1.jpg
12,ZBXLV,BLACK,WVCNZ,CROSS,LOCK,match,0,1,BlackLock_1.jpg,BlackLock_1.jpg,GreenLock_2.jpg,BlackCross_1.jpg
13,MTPV,BLUE,QXSW,BOAT,LOCK,match,0,2,BlueLock_1.jpg,BlueLock_2.jpg,PinkLock_1.jpg,BrownLock_3.jpg
14,RJDNW,GREEN,ZBXLV,HOUSE,LOCK,mismatch,2,0,RedBell_3.jpg,BrownLock_3.jpg,RedBone_3.jpg,RedCross_1.jpg
15,QXSW,PINK,MTPV,LAMP,LOCK,mismatch,3,0,BrownHand_2.jpg,BlueLeaf_1.jpg,BrownHouse_2.jpg,BlackCross_2.jpg
16,RJDNW,BLACK,WVCNZ,HOUSE,CANE,match,0,1,GreenCane_2.jpg,BlackCane_1.jpg,BrownCane_3.jpg,GreenHouse_3.jpg
17,WVCNZ,BROWN,RJDNW,CROSS,CANE,match,0,2,RedCane_3.jpg,BrownCane_1.jpg,BlackCane_2.jpg,GreenCane_2.jpg
18,QXSW,PINK,QXSW,BOAT,CANE,mismatch,3,0,BlueLeaf_1.jpg,BlackLeaf_2.jpg,BlueHouse_1.jpg,BlackStar_3.jpg
19,XKQ,RED,XKQ,CUP,CANE,mismatch,2,0,PinkKey_2.jpg,BrownCane_1.jpg,BlueLamp_3.jpg,BrownDisc_1.jpg
20,WVCNZ,BLACK,WVCNZ,HOUSE,HAND,match,0,1,BrownHand_2.jpg,BlackHand_3.jpg,BlueHand_3.jpg,BlackHouse_3.jpg
21,QXSW,PINK,MTPV,BOAT,HAND,match,0,2,PinkHand_1.jpg,PinkHand_3.jpg,BrownHand_1.jpg,BlueHand_3.jpg
22,XKQ,RED,XKQ,CUP,HAND,mismatch,1,0,BlackNote_3.jpg,RedNote_3.jpg,BrownBone_2.jpg,RedTree_3.jpg
23,RJDNW,BROWN,ZBXLV,CROSS,HAND,mismatch,3,0,BlackDisc_3.jpg,BrownFork_2.jpg,GreenCross_3.jpg,GreenBag_1.jpg
24,QXSW,BLUE,QXSW,LAMP,KEY,match,0,1,BrownKey_1.jpg,BlueKey_2.jpg,BrownKey_2.jpg,RedLamp_1.jpg
25,WVCNZ,BROWN,RJDNW,HOUSE,KEY,match,0,2,PinkKey_2.jpg,BrownKey_2.jpg,BlueKey_1.jpg,BlackKey_3.jpg
26,XKQ,RED,XKQ,CUP,KEY,mismatch,2,0,PinkCross_1.jpg,BlueKey_2.jpg,BrownLock_3.jpg,BlackLamp_2.jpg
27,ZBXLV,GREEN,WVCNZ,PLANE,KEY,mismatch,1,0,GreenBoat_1.jpg,GreenNote_2.jpg,BlackCup_1.jpg,BlueFlag_1.jpg
28,XKQ,RED,XKQ,CUP,SHOE,match,0,1,BlackShoe_3.jpg,RedShoe_2.jpg,BrownShoe_2.jpg,RedCup_1.jpg
29,MTPV,PINK,QXSW,LAMP,SHOE,match,0,2,BlackShoe_1.jpg,PinkShoe_3.jpg,BlackShoe_1.jpg,BrownShoe_1.jpg
30,ZBXLV,BROWN,RJDNW,CROSS,SHOE,mismatch,3,0,BlueLock_1.jpg,BluePlane_2.jpg,PinkKey_2.jpg,BrownLamp_2.jpg
31,RJDNW,BLACK,ZBXLV,HOUSE,SHOE,mismatch,1,0,PinkHouse_3.jpg,BlackTree_1.jpg,RedBell_3.jpg,PinkCross_2.jpg
32,ZBXLV,BLACK,RJDNW,PLANE,BONE,match,0,1,GreenBone_3.jpg,BlackBone_3.jpg,GreenBone_2.jpg,BrownPlane_3.jpg
33,MTPV,BLUE,QXSW,LAMP,BONE,match,0,2,GreenBone_2.jpg,BlueBone_2.jpg,RedBone_3.jpg,GreenBone_1.jpg
34,RJDNW,BROWN,WVCNZ,CROSS,BONE,mismatch,3,0,RedBow_1.jpg,PinkDisc_3.jpg,BlueCross_3.jpg,BrownHeart_1.jpg
35,XKQ,RED,XKQ,CUP,BONE,mismatch,1,0,RedBag_3.jpg,RedKey_1.jpg,BlackStar_3.jpg,BrownHeart_1.jpg
36,MTPV,BLUE,MTPV,BOAT,SQUARE,match,0,1,PinkSquare_1.jpg,BlueSquare_2.jpg,RedSquare_2.jpg,GreenBoat_2.jpg
37,XKQ,RED,XKQ,CUP,SQUARE,match,0,2,RedSquare_2.jpg,RedSquare_3.jpg,PinkSquare_1.jpg,BlackSquare_3.jpg
38,WVCNZ,BROWN,ZBXLV,HOUSE,SQUARE,mismatch,1,0,BlackBone_2.jpg,BrownLock_3.jpg,GreenCup_1.jpg,BlueBell_3.jpg
39,ZBXLV,GREEN,RJDNW,PLANE,SQUARE,mismatch,3,0,RedShoe_3.jpg,BlackTree_1.jpg,BlueKey_3.jpg,BlackCar_2.jpg
40,ZBXLV,BLACK,WVCNZ,PLANE,BELL,match,0,1,PinkBell_3.jpg,BlackBell_1.jpg,GreenBell_3.jpg,RedPlane_1.jpg
41,MTPV,BLUE,QXSW,BOAT,BELL,match,0,2,BrownBell_2.jpg,BlueBell_2.jpg,BlackBell_1.jpg,BlackBell_2.jpg
42,QXSW,PINK,MTPV,LAMP,BELL,mismatch,1,0,RedBoat_3.jpg,PinkHand_3.jpg,GreenBone_3.jpg,PinkFork_1.jpg
43,XKQ,RED,XKQ,CUP,BELL,mismatch,2,0,GreenStar_3.jpg,BlueBell_2.jpg,RedHouse_2.jpg,GreenSquare_3.jpg
44,WVCNZ,BROWN,WVCNZ,PLANE,BOAT,match,0,1,BlueBoat_2.jpg,BrownBoat_1.jpg,GreenBoat_3.jpg,RedPlane_3.jpg
45,XKQ,RED,XKQ,CUP,BOAT,match,0,2,BrownBoat_3.jpg,RedBoat_1.jpg,RedBoat_3.jpg,BrownBoat_3.jpg
46,ZBXLV,BLACK,RJDNW,HOUSE,BOAT,mismatch,3,0,BrownCup_1.jpg,RedFlag_1.jpg,RedLamp_2.jpg,GreenLeaf_2.jpg
47,RJDNW,GREEN,ZBXLV,CROSS,BOAT,mismatch,1,0,GreenBone_2.jpg,GreenDisc_3.jpg,BlackNote_3.jpg,GreenLock_1.jpg
48,QXSW,BLUE,MTPV,LAMP,BOW,match,0,1,BlueBow_1.jpg,BlueBow_2.jpg,BlueBow_3.jpg,BrownLamp_3.jpg
49,RJDNW,GREEN,ZBXLV,CROSS,BOW,match,0,2,RedBow_3.jpg,GreenBow_2.jpg,PinkBow_3.jpg,PinkBow_1.jpg
50,MTPV,PINK,QXSW,BOAT,BOW,mismatch,1,0,BlueHouse_3.jpg,PinkShoe_2.jpg,GreenCross_1.jpg,BlueShoe_1.jpg
51,ZBXLV,BLACK,WVCNZ,HOUSE,BOW,mismatch,1,0,GreenPlane_1.jpg,BlackLamp_3.jpg,RedPlane_1.jpg,BlueCross_2.jpg
52,ZBXLV,BROWN,WVCNZ,CROSS,CAR,match,0,1,BlackCar_3.jpg,BrownCar_1.jpg,BrownCar_3.jpg,BlueCross_3.jpg
53,WVCNZ,GREEN,ZBXLV,PLANE,CAR,match,0,2,BlueCar_2.jpg,GreenCar_3.jpg,RedCar_2.jpg,BlackCar_3.jpg
54,MTPV,BLUE,QXSW,LAMP,CAR,mismatch,3,0,BrownBoat_3.jpg,RedDisc_3.jpg,BlueHouse_3.jpg,BlueLock_3.jpg
55,RJDNW,BLACK,RJDNW,HOUSE,CAR,mismatch,3,0,RedBag_2.jpg,BrownHeart_3.jpg,GreenLock_3.jpg,PinkSquare_3.jpg
56,ZBXLV,BROWN,ZBXLV,PLANE,CROSS,match,0,1,BlackCross_1.jpg,BrownCross_1.jpg,PinkCross_3.jpg,BrownPlane_2.jpg
57,QXSW,PINK,QXSW,BOAT,CROSS,match,0,2,PinkCross_3.jpg,PinkCross_2.jpg,PinkCross_2.jpg,GreenCross_1.jpg
58,XKQ,RED,XKQ,CUP,CROSS,mismatch,1,0,BrownSquare_2.jpg,RedTree_3.jpg,BlueStar_2.jpg,RedLock_3.jpg
59,RJDNW,GREEN,RJDNW,HOUSE,CROSS,mismatch,3,0,GreenLamp_3.jpg,BlackTree_2.jpg,BlueStar_2.jpg,GreenBow_3.jpg
60,WVCNZ,BROWN,WVCNZ,CROSS,CUP,match,0,1,PinkCup_1.jpg,BrownCup_3.jpg,BrownCup_3.jpg,GreenCross_3.jpg
61,QXSW,BLUE,QXSW,LAMP,CUP,match,0,2,PinkCup_2.jpg,BlueCup_2.jpg,BrownCup_2.jpg,GreenCup_3.jpg
62,ZBXLV,BLACK,ZBXLV,HOUSE,CUP,mismatch,2,0,RedCane_3.jpg,BlueCup_3.jpg,BlueStar_1.jpg,GreenDisc_3.jpg
63,MTPV,PINK,MTPV,BOAT,CUP,mismatch,2,0,RedCar_3.jpg,RedCup_3.jpg,BluePlane_1.jpg,BrownBag_3.jpg
64,RJDNW,BROWN,WVCNZ,CROSS,FLAG,match,0,1,RedFlag_3.jpg,BrownFlag_3.jpg,BlueFlag_3.jpg,GreenCross_2.jpg
65,WVCNZ,GREEN,RJDNW,HOUSE,FLAG,match,0,2,PinkFlag_1.jpg,GreenFlag_1.jpg,BrownFlag_2.jpg,BlueFlag_2.jpg
66,QXSW,PINK,MTPV,LAMP,FLAG,mismatch,2,0,BrownCup_1.jpg,BlueFlag_3.jpg,PinkBag_2.jpg,GreenPlane_2.jpg
67,XKQ,RED,XKQ,CUP,FLAG,mismatch,1,0,BrownDisc_1.jpg,RedTree_3.jpg,BrownShoe_1.jpg,BlueFork_2.jpg
68,RJDNW,BLACK,RJDNW,HOUSE,FORK,match,0,1,PinkFork_3.jpg,BlackFork_1.jpg,BrownFork_1.jpg,GreenHouse_3.jpg
69,QXSW,PINK,MTPV,LAMP,FORK,match,0,2,BlueFork_2.jpg,PinkFork_1.jpg,BlackFork_2.jpg,GreenFork_1.jpg
70,MTPV,BLUE,QXSW,BOAT,FORK,mismatch,2,0,BluePlane_3.jpg,PinkFork_2.jpg,PinkLamp_3.jpg,RedLock_2.jpg
71,WVCNZ,BROWN,WVCNZ,CROSS,FORK,mismatch,3,0,PinkSquare_3.jpg,BlackFlag_2.jpg,RedFlag_3.jpg,GreenSquare_3.jpg
72,RJDNW,GREEN,RJDNW,HOUSE,HEART,match,0,1,RedHeart_3.jpg,GreenHeart_3.jpg,PinkHeart_2.jpg,RedHouse_3.jpg
73,XKQ,RED,XKQ,CUP,HEART,match,0,2,PinkHeart_1.jpg,RedHeart_3.jpg,GreenHeart_1.jpg,BrownHeart_1.jpg
74,WVCNZ,BROWN,WVCNZ,CROSS,HEART,mismatch,1,0,GreenCross_1.jpg,BrownCar_3.jpg,RedLock_2.jpg,GreenCar_1.jpg
75,ZBXLV,BLACK,ZBXLV,PLANE,HEART,mismatch,3,0,RedBone_3.jpg,BrownKey_2.jpg,BlueBoat_2.jpg,BlueStar_2.jpg
76,XKQ,RED,XKQ,CUP,LAMP,match,0,1,BlackLamp_2.jpg,RedLamp_2.jpg,BrownLamp_1.jpg,BlackCup_1.jpg
77,WVCNZ,BLACK,RJDNW,PLANE,LAMP,match,0,2,RedLamp_2.jpg,BlackLamp_2.jpg,RedLamp_1.jpg,BlueLamp_1.jpg
78,RJDNW,GREEN,ZBXLV,HOUSE,LAMP,mismatch,2,0,RedNote_1.jpg,PinkLamp_2.jpg,RedDisc_3.jpg,GreenHeart_1.jpg
79,MTPV,PINK,MTPV,BOAT,LAMP,mismatch,3,0,RedCar_1.jpg,BlackKey_1.jpg,BrownNote_1.jpg,BlueFork_1.jpg
80,WVCNZ,GREEN,WVCNZ,PLANE,LEAF,match,0,1,RedLeaf_2.jpg,GreenLeaf_1.jpg,BlueLeaf_2.jpg,RedPlane_1.jpg
81,QXSW,PINK,MTPV,BOAT,LEAF,match,0,2,RedLeaf_3.jpg,PinkLeaf_1.jpg,BlackLeaf_1.jpg,GreenLeaf_1.jpg
82,ZBXLV,BLACK,ZBXLV,HOUSE,LEAF,mismatch,3,0,BlackBell_2.jpg,GreenCup_3.jpg,BlueLock_1.jpg,RedFlag_2.jpg
83,RJDNW,BROWN,RJDNW,CROSS,LEAF,mismatch,3,0,BrownHeart_2.jpg,GreenDisc_3.jpg,PinkShoe_3.jpg,GreenLock_3.jpg
84,QXSW,BLUE,MTPV,LAMP,NOTE,match,0,1,BlueNote_1.jpg,BlueNote_1.jpg,BrownNote_2.jpg,PinkLamp_3.jpg
85,RJDNW,BLACK,WVCNZ,HOUSE,NOTE,match,0,2,RedNote_3.jpg,BlackNote_1.jpg,BrownNote_3.jpg,GreenNote_1.jpg
86,MTPV,PINK,QXSW,BOAT,NOTE,mismatch,2,0,GreenFork_3.jpg,BlackNote_3.jpg,BrownShoe_1.jpg,GreenFlag_2.jpg
87,ZBXLV,GREEN,RJDNW,CROSS,NOTE,mismatch,3,0,PinkCane_3.jpg,BlackSquare_2.jpg,RedCane_3.jpg,BlueBag_2.jpg
88,ZBXLV,BROWN,ZBXLV,HOUSE,STAR,match,0,1,GreenStar_2.jpg,BrownStar_1.jpg,RedStar_1.jpg,PinkHouse_1.jpg
89,MTPV,PINK,MTPV,LAMP,STAR,match,0,2,BrownStar_3.jpg,PinkStar_1.jpg,PinkStar_2.jpg,PinkStar_1.jpg
90,XKQ,RED,XKQ,CUP,STAR,mismatch,2,0,BrownDisc_3.jpg,RedStar_3.jpg,PinkHeart_1.jpg,BlueKey_1.jpg
91,QXSW,BLUE,QXSW,BOAT,STAR,mismatch,3,0,BluePlane_2.jpg,RedNote_3.jpg,GreenBoat_3.jpg,PinkKey_3.jpg
92,XKQ,RED,XKQ,CUP,TREE,match,0,1,GreenTree_2.jpg,RedTree_1.jpg,BlackTree_3.jpg,RedCup_3.jpg
93,QXSW,BLUE,QXSW,BOAT,TREE,match,0,2,GreenTree_3.jpg,BlueTree_3.jpg,PinkTree_1.jpg,PinkTree_1.jpg
94,RJDNW,BROWN,RJDNW,CROSS,TREE,mismatch,2,0,BlueBag_1.jpg,GreenTree_2.jpg,BlueNote_3.jpg,GreenHand_1.jpg
95,ZBXLV,GREEN,WVCNZ,HOUSE,TREE,mismatch,2,0,PinkBow_1.jpg,GreenTree_1.jpg,RedKey_1.jpg,PinkLamp_3.jpg
96,QXSW,BLUE,MTPV,BOAT,HOUSE,match,0,1,GreenHouse_1.jpg,BlueHouse_2.jpg,BlueHouse_3.jpg,PinkBoat_3.jpg
97,WVCNZ,GREEN,WVCNZ,CROSS,HOUSE,match,0,2,PinkHouse_3.jpg,GreenHouse_3.jpg,BlackHouse_1.jpg,BrownHouse_2.jpg
98,ZBXLV,BLACK,RJDNW,PLANE,HOUSE,mismatch,2,0,BrownBag_3.jpg,BlackHouse_1.jpg,BrownCane_2.jpg,GreenSquare_3.jpg
99,MTPV,PINK,QXSW,LAMP,HOUSE,mismatch,1,0,BrownSquare_3.jpg,PinkBag_1.jpg,RedBone_3.jpg,BlackNote_3.jpg
