PairNumber,Condition,Noun,Category,Question,QuestionIndex,Answer,ISI
88,Low,GENRE,OTHER,Did humans create it?,5,1,200
27,High,LIPSTICK,ARTIFACTS,Can you wear it?,3,1,700
19,High,RUBY,ARTIFACTS,Can you hold it?,4,1,500
84,Low,DISEASE,OTHER,Can you wear it?,3,0,700
40,Low,MEAT,FOOD,Can you eat or drink it?,1,1,500
83,High,KITCHEN,OTHER,Does it make sounds?,6,0,200
60,Low,BONE,HUMAN PART,Does it float in water?,7,0,400
91,High,MARBLE,NATURE INANIMATE,Does it float in water?,7,0,700
44,Low,SEASONING,FOOD,Can you hold it?,4,1,300
15,High,TABLE,ARTIFACTS,Does it make sounds?,6,0,400
39,High,JADE,NATURE INANIMATE,Did humans create it?,5,0,400
56,Low,SPICE,FOOD,Does it float in water?,7,1,400
28,Low,SHOES,CLOTHES+ACCESS,Can you wear it?,3,1,600
67,High,WATER,NATURE INANIMATE,Can you find it in the wild?,2,1,300
79,High,ALGEBRA,OTHER,Is it alive?,0,0,600
72,Low,POLITICIAN,OCCUPATION,Does it make sounds?,6,1,600
11,High,KANGAROO,ANIMAL,Is it alive?,0,1,400
96,Low,DRUM,SPORT+LEISURE,Can you eat or drink it?,1,0,600
92,Low,SPORT,SPORT+LEISURE,Can you find it in the wild?,2,0,200
87,High,UNIVERSITY,OTHER,Can you wear it?,3,0,300
36,Low,FRUIT,FOOD,Can you hold it?,4,1,600
47,High,WHEAT,FOOD,Can you eat or drink it?,1,1,400
23,High,GUN,ARTIFACTS,Can you hold it?,4,1,700
12,Low,POULTRY,ANIMAL,Did humans create it?,5,0,400
3,High,PANDA,ANIMAL,Did humans create it?,5,0,600
48,Low,PASTRY,FOOD,Can you find it in the wild?,2,0,600
4,Low,PET,ANIMAL,Does it float in water?,7,1,500
68,Low,ELEMENT,NATURE INANIMATE,Can you hold it?,4,0,200
55,High,CHEDDAR,FOOD,Can you eat or drink it?,1,1,400
32,Low,PARENT,FAMILY,Can you eat or drink it?,1,0,500
8,Low,APE,ANIMAL,Does it make sounds?,6,1,700
71,High,CHEMIST,OCCUPATION,Does it float in water?,7,1,300
16,Low,UTENSIL,ARTIFACTS,Can you find it in the wild?,2,0,500
95,High,NEWSPAPER,SPORT+LEISURE,Can you find it in the wild?,2,0,700
24,Low,FABRIC,ARTIFACTS,Does it make sounds?,6,0,200
35,High,CAPPUCCINO,FOOD,Does it float in water?,7,0,500
76,Low,ROYALTY,OCCUPATION,Is it alive?,0,1,300
59,High,ARM,HUMAN PART,Can you wear it?,3,0,200
80,Low,BUILDING,OTHER,Did humans create it?,5,1,200
7,High,COBRA,ANIMAL,Is it alive?,0,1,700
64,Low,TREE,NATURE INANIMATE,Is it alive?,0,1,600
31,High,JEANS,CLOTHES+ACCESS,Can you find it in the wild?,2,0,700
43,High,BAGEL,FOOD,Can you eat or drink it?,1,1,500
20,Low,APPLIANCE,ARTIFACTS,Can you wear it?,3,0,500
75,High,DRUMMER,OCCUPATION,Does it make sounds?,6,1,200
51,High,DAUGHTER,FAMILY,Did humans create it?,5,0,300
52,Low,DESSERT,FOOD,Is it alive?,0,0,300
63,High,ROSE,NATURE INANIMATE,Can you hold it?,4,1,300
