,Condition,Image,Match,Mismatch_Type,Word_1st,Word_2nd
0,FIX,NA,NA,NA,NA,NA
1,COMP_1W,GreenBoat_3.jpg,match,0,Mtpv,Boat
2,COMP_1W,RedShoe_2.jpg,mismatch,2,Xkq,Bone
3,COMP_1W,BlueDisc_1.jpg,mismatch,1,Xkq,Tree
4,COMP_1W,BlackDisc_2.jpg,mismatch,2,Zbxlv,Bag
5,COMP_1W,GreenLamp_3.jpg,match,0,Zbxlv,Lamp
6,COMP_2W,RedLock_2.jpg,match,0,Red,Lock
7,COMP_2W,PinkSquare_1.jpg,mismatch,2,Blue,Square
8,COMP_2W,BlueLeaf_2.jpg,mismatch,3,Black,Cane
9,COMP_2W,GreenCup_1.jpg,mismatch,3,Red,Boat
10,COMP_2W,RedCane_1.jpg,match,0,Red,Cane
11,LIST_1W,GreenSquare_3.jpg,mismatch,2,Mtpv,Lock
12,LIST_1W,BrownFork_2.jpg,mismatch,2,Xkq,Bone
13,LIST_1W,BrownKey_2.jpg,mismatch,3,Rjdnw,Cane
14,LIST_1W,RedPlane_3.jpg,match,0,Mtpv,Plane
15,LIST_1W,PinkBell_3.jpg,match,0,Wvcnz,Bell
16,LIST_2W,BlackHand_2.jpg,match,0,Boat,Hand
17,LIST_2W,RedKey_2.jpg,mismatch,1,Boat,Bow
18,LIST_2W,BlackCup_3.jpg,match,0,Cup,House
19,LIST_2W,BlueBoat_2.jpg,match,0,Boat,Note
20,LIST_2W,BlackHand_3.jpg,mismatch,3,Plane,Key
21,FIX,NA,NA,NA,NA,NA
22,COMP_2W,GreenLeaf_1.jpg,mismatch,3,Brown,Cross
23,COMP_2W,RedBag_1.jpg,mismatch,2,Black,Bag
24,COMP_2W,PinkStar_2.jpg,match,0,Pink,Star
25,COMP_2W,BlackFork_1.jpg,mismatch,3,Green,Key
26,COMP_2W,BlackLamp_1.jpg,match,0,Black,Lamp
27,LIST_2W,BrownCup_1.jpg,match,0,Cup,Lock
28,LIST_2W,GreenBone_3.jpg,mismatch,2,Cup,Key
29,LIST_2W,GreenCross_3.jpg,match,0,Cross,Boat
30,LIST_2W,GreenBag_2.jpg,mismatch,2,Lamp,Bow
31,LIST_2W,PinkLeaf_3.jpg,mismatch,1,House,Star
32,COMP_1W,GreenLamp_3.jpg,match,0,Zbxlv,Lamp
33,COMP_1W,GreenCane_1.jpg,match,0,Wvcnz,Cane
34,COMP_1W,PinkCross_2.jpg,mismatch,1,Qxsw,Bag
35,COMP_1W,RedCar_3.jpg,mismatch,2,Xkq,Shoe
36,COMP_1W,BrownNote_2.jpg,match,0,Zbxlv,Note
37,LIST_1W,RedPlane_1.jpg,mismatch,2,Qxsw,Bow
38,LIST_1W,GreenSquare_3.jpg,mismatch,2,Mtpv,Lock
39,LIST_1W,RedBag_2.jpg,match,0,Xkq,Bag
40,LIST_1W,PinkBag_3.jpg,match,0,Wvcnz,Bag
41,LIST_1W,GreenBone_3.jpg,mismatch,3,Xkq,Flag
42,FIX,NA,NA,NA,NA,NA
43,LIST_1W,PinkBoat_1.jpg,mismatch,3,Xkq,Plane
44,LIST_1W,BlueHouse_1.jpg,match,0,Xkq,House
45,LIST_1W,GreenCar_3.jpg,mismatch,2,Rjdnw,Bag
46,LIST_1W,BrownLeaf_1.jpg,mismatch,3,Rjdnw,Plane
47,LIST_1W,BlueFlag_3.jpg,match,0,Mtpv,Flag
48,COMP_1W,RedKey_1.jpg,match,0,Mtpv,Key
49,COMP_1W,PinkTree_3.jpg,match,0,Qxsw,Tree
50,COMP_1W,BlackDisc_2.jpg,mismatch,2,Zbxlv,Bag
51,COMP_1W,PinkLamp_1.jpg,mismatch,3,Zbxlv,Disc
52,COMP_1W,BrownLeaf_2.jpg,mismatch,2,Zbxlv,Flag
53,LIST_2W,GreenHouse_2.jpg,match,0,House,Bag
54,LIST_2W,BlueCar_3.jpg,match,0,Plane,Car
55,LIST_2W,BrownBow_2.jpg,mismatch,2,Lamp,Cross
56,LIST_2W,BrownPlane_1.jpg,match,0,Plane,Hand
57,LIST_2W,BlackHouse_2.jpg,match,0,House,Car
58,COMP_2W,PinkLock_2.jpg,mismatch,1,Pink,House
59,COMP_2W,BlackFork_1.jpg,mismatch,3,Green,Key
60,COMP_2W,RedSquare_1.jpg,mismatch,3,Green,Tree
61,COMP_2W,RedBow_2.jpg,match,0,Red,Bow
62,COMP_2W,BrownTree_2.jpg,match,0,Brown,Tree
63,FIX,NA,NA,NA,NA,NA
64,LIST_2W,BrownCar_1.jpg,mismatch,1,Plane,Lamp
65,LIST_2W,GreenBone_3.jpg,mismatch,2,Cup,Key
66,LIST_2W,RedCross_1.jpg,match,0,Cross,Bell
67,LIST_2W,PinkLeaf_3.jpg,mismatch,1,House,Star
68,LIST_2W,RedTree_2.jpg,match,0,Boat,Tree
69,LIST_1W,RedPlane_3.jpg,match,0,Mtpv,Plane
70,LIST_1W,BlueCane_1.jpg,match,0,Wvcnz,Cane
71,LIST_1W,PinkKey_2.jpg,mismatch,1,Qxsw,Bone
72,LIST_1W,GreenPlane_2.jpg,match,0,Qxsw,Plane
73,LIST_1W,PinkNote_3.jpg,match,0,Rjdnw,Note
74,COMP_2W,RedHouse_3.jpg,match,0,Red,House
75,COMP_2W,RedCar_1.jpg,mismatch,3,Green,Cup
76,COMP_2W,BlackFork_1.jpg,mismatch,3,Green,Key
77,COMP_2W,PinkDisc_2.jpg,match,0,Pink,Disc
78,COMP_2W,BlueKey_1.jpg,match,0,Blue,Key
79,COMP_1W,PinkBone_1.jpg,match,0,Qxsw,Bone
80,COMP_1W,BlueCup_1.jpg,match,0,Qxsw,Cup
81,COMP_1W,BlackHand_1.jpg,match,0,Mtpv,Hand
82,COMP_1W,BlueBag_2.jpg,match,0,Xkq,Bag
83,COMP_1W,RedCane_3.jpg,mismatch,2,Wvcnz,Boat
84,FIX,NA,NA,NA,NA,NA
