,Condition,Image,Match,Mismatch_Type,Word_1st,Word_2nd
0,FIX,NA,NA,NA,NA,NA
1,LIST_2W,BlackStar_1.jpg,mismatch,3,House,Square
2,LIST_2W,GreenCup_1.jpg,match,0,Cup,Bow
3,LIST_2W,BrownKey_2.jpg,mismatch,1,Boat,House
4,LIST_2W,GreenBone_2.jpg,match,0,Plane,Bone
5,LIST_2W,BrownFlag_1.jpg,mismatch,3,Boat,Car
6,COMP_1W,BlackHand_1.jpg,match,0,Mtpv,Hand
7,COMP_1W,BlueBow_1.jpg,mismatch,3,Xkq,Flag
8,COMP_1W,RedBow_3.jpg,mismatch,2,Zbxlv,Star
9,COMP_1W,RedTree_1.jpg,match,0,Wvcnz,Tree
10,COMP_1W,RedCar_3.jpg,mismatch,2,Xkq,Shoe
11,COMP_2W,PinkTree_3.jpg,mismatch,1,Pink,Cane
12,COMP_2W,BlueKey_1.jpg,match,0,Blue,Key
13,COMP_2W,GreenBow_1.jpg,match,0,Green,Bow
14,COMP_2W,PinkFlag_3.jpg,match,0,Pink,Flag
15,COMP_2W,BrownBoat_3.jpg,mismatch,2,Brown,Boat
16,LIST_1W,BlueBell_1.jpg,mismatch,3,Zbxlv,Heart
17,LIST_1W,BlueHeart_3.jpg,match,0,Mtpv,Heart
18,LIST_1W,RedBow_2.jpg,mismatch,1,Qxsw,Bag
19,LIST_1W,BrownLock_3.jpg,match,0,Xkq,Lock
20,LIST_1W,RedBow_2.jpg,mismatch,3,Xkq,Boat
21,FIX,NA,NA,NA,NA,NA
22,COMP_1W,BlueCar_2.jpg,mismatch,3,Xkq,Plane
23,COMP_1W,BrownStar_2.jpg,mismatch,1,Xkq,Hand
24,COMP_1W,BlueFork_3.jpg,match,0,Mtpv,Fork
25,COMP_1W,RedLamp_3.jpg,mismatch,2,Rjdnw,Note
26,COMP_1W,GreenCross_3.jpg,match,0,Mtpv,Cross
27,LIST_1W,GreenCar_2.jpg,mismatch,3,Qxsw,Leaf
28,LIST_1W,BlueCane_1.jpg,match,0,Wvcnz,Cane
29,LIST_1W,PinkBone_3.jpg,match,0,Mtpv,Bone
30,LIST_1W,BlueStar_1.jpg,mismatch,2,Mtpv,Hand
31,LIST_1W,BlueShoe_1.jpg,match,0,Qxsw,Shoe
32,LIST_2W,GreenBone_3.jpg,mismatch,2,Cup,Key
33,LIST_2W,BlueBow_3.jpg,match,0,Cross,Bow
34,LIST_2W,BrownCup_1.jpg,match,0,Cup,Lock
35,LIST_2W,RedBow_2.jpg,mismatch,2,Cross,Flag
36,LIST_2W,BlackHeart_3.jpg,mismatch,3,Boat,Leaf
37,COMP_2W,BlueKey_1.jpg,match,0,Blue,Key
38,COMP_2W,BlackHand_1.jpg,mismatch,2,Pink,Hand
39,COMP_2W,BlackHand_3.jpg,mismatch,3,Black,Plane
40,COMP_2W,BlueShoe_3.jpg,match,0,Blue,Shoe
41,COMP_2W,BlueHouse_1.jpg,match,0,Blue,House
42,FIX,NA,NA,NA,NA,NA
43,COMP_2W,BrownBone_1.jpg,mismatch,3,Red,Flag
44,COMP_2W,GreenBow_1.jpg,match,0,Green,Bow
45,COMP_2W,BlueTree_1.jpg,match,0,Blue,Tree
46,COMP_2W,RedLock_2.jpg,match,0,Red,Lock
47,COMP_2W,RedCar_1.jpg,mismatch,3,Green,Cup
48,LIST_2W,BlackShoe_2.jpg,mismatch,1,Cross,House
49,LIST_2W,BrownBag_3.jpg,mismatch,3,Plane,Heart
50,LIST_2W,BrownCup_2.jpg,mismatch,3,House,Cross
51,LIST_2W,PinkLamp_2.jpg,match,0,Lamp,Shoe
52,LIST_2W,BluePlane_2.jpg,match,0,Lamp,Plane
53,LIST_1W,BrownCane_3.jpg,match,0,Xkq,Cane
54,LIST_1W,BlackCross_3.jpg,mismatch,2,Zbxlv,Shoe
55,LIST_1W,RedStar_1.jpg,match,0,Qxsw,Star
56,LIST_1W,PinkBell_3.jpg,match,0,Wvcnz,Bell
57,LIST_1W,BlueKey_1.jpg,match,0,Mtpv,Key
58,COMP_1W,BlueFork_1.jpg,mismatch,1,Rjdnw,Star
59,COMP_1W,GreenCar_3.jpg,mismatch,3,Wvcnz,Plane
60,COMP_1W,PinkShoe_2.jpg,match,0,Mtpv,Shoe
61,COMP_1W,BluePlane_1.jpg,match,0,Mtpv,Plane
62,COMP_1W,BrownFlag_1.jpg,match,0,Rjdnw,Flag
63,FIX,NA,NA,NA,NA,NA
64,LIST_1W,RedHeart_1.jpg,mismatch,1,Mtpv,Bell
65,LIST_1W,BlueFlag_3.jpg,match,0,Mtpv,Flag
66,LIST_1W,BlackHouse_1.jpg,mismatch,3,Zbxlv,Tree
67,LIST_1W,BlackCross_3.jpg,match,0,Rjdnw,Cross
68,LIST_1W,BlackLamp_2.jpg,mismatch,3,Wvcnz,Disc
69,COMP_2W,GreenShoe_2.jpg,mismatch,2,Brown,Shoe
70,COMP_2W,RedBow_2.jpg,match,0,Red,Bow
71,COMP_2W,GreenHand_2.jpg,match,0,Green,Hand
72,COMP_2W,PinkCane_1.jpg,mismatch,1,Pink,Bell
73,COMP_2W,BlackBow_2.jpg,mismatch,2,Blue,Bow
74,COMP_1W,BlueBag_1.jpg,match,0,Wvcnz,Bag
75,COMP_1W,BrownLeaf_2.jpg,mismatch,2,Zbxlv,Flag
76,COMP_1W,GreenLamp_2.jpg,mismatch,3,Xkq,Note
77,COMP_1W,BlueCar_1.jpg,match,0,Rjdnw,Car
78,COMP_1W,PinkBone_1.jpg,match,0,Qxsw,Bone
79,LIST_2W,GreenBone_3.jpg,mismatch,2,Cup,Key
80,LIST_2W,PinkCar_1.jpg,mismatch,2,Boat,Square
81,LIST_2W,BrownCross_1.jpg,match,0,Plane,Cross
82,LIST_2W,RedHouse_2.jpg,match,0,House,Flag
83,LIST_2W,PinkLeaf_3.jpg,mismatch,1,House,Star
84,FIX,NA,NA,NA,NA,NA
