,Word_1st,Word_2nd,Condition,Match,Mismatch_Type,Image,ISI
0,QXSW,STAR,COMP_1W,match,0,PinkStar_1.jpg,300
1,BLUE,CAR,COMP_2W,match,0,BlueCar_2.jpg,600
2,BROWN,SHOE,COMP_2W,match,0,BrownShoe_2.jpg,400
3,WVCNZ,CUP,COMP_1W,match,0,BrownCup_2.jpg,500
4,BROWN,CUP,COMP_2W,mismatch,3,BrownBoat_3.jpg,500
5,WVCNZ,TREE,COMP_1W,match,0,GreenTree_1.jpg,400
6,PINK,SQUARE,COMP_2W,match,0,PinkSquare_2.jpg,400
7,ZBXLV,BOW,COMP_1W,mismatch,3,PinkHeart_2.jpg,300
8,RED,BOAT,COMP_2W,match,0,RedBoat_1.jpg,200
9,BROWN,LEAF,COMP_2W,match,0,BrownLeaf_3.jpg,600
10,WVCNZ,FORK,COMP_1W,match,0,RedFork_2.jpg,300
11,BLUE,PLANE,COMP_2W,match,0,BluePlane_3.jpg,600
12,MTPV,BONE,COMP_1W,mismatch,2,GreenBell_1.jpg,300
13,MTPV,CUP,COMP_1W,match,0,RedCup_3.jpg,600
14,BROWN,BOAT,COMP_2W,mismatch,2,GreenBoat_1.jpg,200
15,RJDNW,FLAG,COMP_1W,mismatch,1,PinkPlane_2.jpg,200
16,BLACK,KEY,COMP_2W,mismatch,1,BlackLamp_2.jpg,400
17,BROWN,LAMP,COMP_2W,match,0,BrownLamp_2.jpg,300
18,MTPV,PLANE,COMP_1W,match,0,RedPlane_2.jpg,500
19,MTPV,FLAG,COMP_1W,mismatch,1,RedDisc_1.jpg,600
20,MTPV,SQUARE,COMP_1W,match,0,RedSquare_3.jpg,400
21,PINK,DISC,COMP_2W,mismatch,1,PinkBow_3.jpg,200
22,WVCNZ,BOAT,COMP_1W,match,0,PinkBoat_1.jpg,300
23,GREEN,SHOE,COMP_2W,mismatch,2,BlueShoe_2.jpg,600
24,BLACK,BOW,COMP_2W,match,0,BlackBow_1.jpg,200
25,QXSW,TREE,COMP_1W,match,0,RedTree_2.jpg,600
26,BLACK,HAND,COMP_2W,match,0,BlackHand_3.jpg,300
27,XKQ,HOUSE,COMP_1W,match,0,BlackHouse_3.jpg,200
28,ZBXLV,BOAT,COMP_1W,mismatch,2,BrownBow_1.jpg,300
29,RED,FLAG,COMP_2W,match,0,RedFlag_2.jpg,500
30,MTPV,TREE,COMP_1W,mismatch,3,PinkCup_3.jpg,200
31,WVCNZ,BONE,COMP_1W,mismatch,3,BrownHand_1.jpg,600
32,BROWN,CROSS,COMP_2W,match,0,BrownCross_1.jpg,200
33,ZBXLV,KEY,COMP_1W,mismatch,1,PinkLeaf_1.jpg,400
34,ZBXLV,HEART,COMP_1W,mismatch,1,GreenTree_2.jpg,300
35,RJDNW,HOUSE,COMP_1W,match,0,BlueHouse_2.jpg,200
36,BLUE,KEY,COMP_2W,match,0,BlueKey_2.jpg,500
37,BLUE,FORK,COMP_2W,match,0,BlueFork_3.jpg,600
38,BLUE,BONE,COMP_2W,mismatch,2,BrownBone_3.jpg,200
39,MTPV,CAR,COMP_1W,match,0,BrownCar_1.jpg,200
40,PINK,LEAF,COMP_2W,match,0,PinkLeaf_1.jpg,400
41,ZBXLV,BELL,COMP_1W,mismatch,1,GreenBoat_2.jpg,400
42,PINK,FLAG,COMP_2W,mismatch,1,PinkKey_2.jpg,300
43,GREEN,CANE,COMP_2W,match,0,GreenCane_3.jpg,300
44,MTPV,FORK,COMP_1W,mismatch,3,RedHand_1.jpg,500
45,BLACK,PLANE,COMP_2W,match,0,BlackPlane_3.jpg,500
46,WVCNZ,PLANE,COMP_1W,match,0,BrownPlane_2.jpg,500
47,BLUE,BOW,COMP_2W,match,0,BlueBow_2.jpg,200
48,QXSW,DISC,COMP_1W,mismatch,1,BlueLock_1.jpg,400
49,PINK,STAR,COMP_2W,match,0,PinkStar_2.jpg,400
50,RJDNW,NOTE,COMP_1W,match,0,BlueNote_1.jpg,200
51,GREEN,FORK,COMP_2W,mismatch,2,GreenFork_1.jpg,300
52,ZBXLV,BONE,COMP_1W,match,0,GreenBone_2.jpg,600
53,ZBXLV,HAND,COMP_1W,mismatch,2,GreenCup_2.jpg,600
54,BLACK,LAMP,COMP_2W,match,0,BlackLamp_3.jpg,400
55,BLACK,CROSS,COMP_2W,mismatch,3,RedBoat_1.jpg,400
56,RJDNW,LAMP,COMP_1W,match,0,BrownLamp_2.jpg,300
57,BLACK,SHOE,COMP_2W,match,0,BlackShoe_3.jpg,500
58,QXSW,FORK,COMP_1W,match,0,BlueFork_1.jpg,500
59,BROWN,BAG,COMP_2W,mismatch,3,BlueBell_2.jpg,300
60,XKQ,SQUARE,COMP_1W,mismatch,3,PinkLock_2.jpg,500
61,RED,TREE,COMP_2W,mismatch,2,RedTree_2.jpg,400
62,RJDNW,CUP,COMP_1W,mismatch,1,RedBag_1.jpg,500
63,GREEN,BONE,COMP_2W,match,0,GreenBone_3.jpg,500
64,RED,KEY,COMP_2W,mismatch,3,BrownShoe_1.jpg,300
65,WVCNZ,CROSS,COMP_1W,match,0,GreenCross_3.jpg,400
66,BLACK,BAG,COMP_2W,match,0,BlackBag_3.jpg,300
67,XKQ,CROSS,COMP_1W,match,0,RedCross_3.jpg,600
68,PINK,TREE,COMP_2W,mismatch,3,BlueSquare_3.jpg,600
69,QXSW,PLANE,COMP_1W,mismatch,2,RedBow_1.jpg,300
70,ZBXLV,LOCK,COMP_1W,mismatch,3,BlueStar_1.jpg,500
71,PINK,BONE,COMP_2W,match,0,PinkBone_3.jpg,200
72,BLACK,LEAF,COMP_2W,mismatch,3,RedCup_2.jpg,500
73,XKQ,HAND,COMP_1W,mismatch,3,BrownCup_1.jpg,200
74,RED,HAND,COMP_2W,mismatch,3,PinkFork_3.jpg,400
75,WVCNZ,NOTE,COMP_1W,mismatch,1,BrownShoe_2.jpg,200
76,XKQ,LOCK,COMP_1W,match,0,BrownLock_3.jpg,400
77,QXSW,BELL,COMP_1W,match,0,BlackBell_1.jpg,300
78,BROWN,CAR,COMP_2W,mismatch,3,BluePlane_1.jpg,200
79,PINK,CANE,COMP_2W,mismatch,2,GreenCane_1.jpg,200
80,GREEN,LAMP,COMP_2W,mismatch,2,GreenLamp_3.jpg,500
81,MTPV,DISC,COMP_1W,match,0,PinkDisc_3.jpg,600
82,XKQ,FLAG,COMP_1W,match,0,PinkFlag_3.jpg,200
83,RJDNW,LEAF,COMP_1W,mismatch,2,RedHeart_2.jpg,500
84,BLUE,BAG,COMP_2W,mismatch,1,BlueSquare_2.jpg,600
85,RED,PLANE,COMP_2W,mismatch,2,PinkPlane_1.jpg,300
86,QXSW,KEY,COMP_1W,match,0,BlueKey_1.jpg,500
87,BROWN,SQUARE,COMP_2W,mismatch,1,BrownLeaf_1.jpg,500
88,XKQ,DISC,COMP_1W,match,0,PinkDisc_2.jpg,400
89,QXSW,HEART,COMP_1W,mismatch,2,BlackPlane_2.jpg,600
90,ZBXLV,NOTE,COMP_1W,mismatch,3,BlackCup_1.jpg,400
91,BLUE,SQUARE,COMP_2W,match,0,BlueSquare_2.jpg,300
92,PINK,BOW,COMP_2W,mismatch,3,PinkPlane_3.jpg,500
93,WVCNZ,LEAF,COMP_1W,mismatch,3,BlueFlag_3.jpg,600
94,XKQ,SHOE,COMP_1W,mismatch,3,BlackCane_2.jpg,200
95,RED,CROSS,COMP_2W,match,0,RedCross_1.jpg,600
96,RED,SHOE,COMP_2W,mismatch,3,PinkFlag_2.jpg,400
97,BLUE,LAMP,COMP_2W,mismatch,1,BlueHouse_2.jpg,600
98,RJDNW,FORK,COMP_1W,mismatch,2,PinkLeaf_2.jpg,400
99,BLACK,CUP,COMP_2W,mismatch,1,BlackTree_3.jpg,600
