,Word_1st,Word_2nd,Condition,Match,Mismatch_Type,Image,ISI
0,LAMP,FORK,LIST_2W,mismatch,1,RedCar_1.jpg,600
1,HOUSE,NOTE,LIST_2W,match,0,BrownHouse_1.jpg,300
2,HOUSE,SHOE,LIST_2W,mismatch,2,BrownKey_1.jpg,200
3,XKQ,FLAG,LIST_1W,match,0,BlueFlag_3.jpg,400
4,RJDNW,HOUSE,LIST_1W,mismatch,2,BrownBell_2.jpg,600
5,HOUSE,KEY,LIST_2W,match,0,BrownKey_1.jpg,300
6,BOAT,NOTE,LIST_2W,match,0,BrownNote_3.jpg,200
7,MTPV,BOW,LIST_1W,mismatch,1,GreenCar_2.jpg,200
8,CUP,LAMP,LIST_2W,mismatch,3,BluePlane_3.jpg,600
9,WVCNZ,BONE,LIST_1W,match,0,PinkBone_2.jpg,400
10,CUP,BELL,LIST_2W,match,0,RedBell_2.jpg,200
11,MTPV,CUP,LIST_1W,match,0,GreenCup_3.jpg,300
12,ZBXLV,CANE,LIST_1W,mismatch,1,RedHeart_2.jpg,400
13,CUP,SQUARE,LIST_2W,match,0,PinkCup_1.jpg,400
14,HOUSE,PLANE,LIST_2W,match,0,RedPlane_2.jpg,300
15,WVCNZ,SHOE,LIST_1W,mismatch,2,BrownTree_1.jpg,400
16,QXSW,BELL,LIST_1W,match,0,BrownBell_3.jpg,500
17,CROSS,CANE,LIST_2W,mismatch,1,PinkCar_1.jpg,500
18,XKQ,LAMP,LIST_1W,mismatch,3,GreenBone_3.jpg,600
19,BOAT,CUP,LIST_2W,match,0,BlackCup_3.jpg,500
20,MTPV,TREE,LIST_1W,match,0,RedTree_2.jpg,500
21,LAMP,HOUSE,LIST_2W,match,0,GreenHouse_1.jpg,400
22,CUP,BONE,LIST_2W,mismatch,3,BrownDisc_2.jpg,300
23,QXSW,SHOE,LIST_1W,match,0,RedShoe_2.jpg,400
24,HOUSE,FLAG,LIST_2W,mismatch,3,GreenBow_1.jpg,200
25,BOAT,CROSS,LIST_2W,match,0,RedCross_1.jpg,200
26,ZBXLV,CUP,LIST_1W,mismatch,1,BlueFlag_2.jpg,500
27,CROSS,DISC,LIST_2W,match,0,PinkDisc_2.jpg,200
28,BOAT,LOCK,LIST_2W,mismatch,2,GreenCane_2.jpg,500
29,CROSS,CAR,LIST_2W,mismatch,3,BlackLock_1.jpg,600
30,ZBXLV,LEAF,LIST_1W,match,0,BlueLeaf_3.jpg,600
31,QXSW,FORK,LIST_1W,mismatch,1,GreenBell_1.jpg,400
32,LAMP,CAR,LIST_2W,match,0,GreenLamp_2.jpg,600
33,QXSW,CAR,LIST_1W,match,0,PinkCar_3.jpg,400
34,XKQ,LEAF,LIST_1W,match,0,RedLeaf_1.jpg,200
35,WVCNZ,FORK,LIST_1W,match,0,BlackFork_3.jpg,200
36,HOUSE,LOCK,LIST_2W,mismatch,2,PinkFork_3.jpg,300
37,RJDNW,LAMP,LIST_1W,mismatch,1,BlueLock_1.jpg,300
38,WVCNZ,CANE,LIST_1W,match,0,BrownCane_3.jpg,200
39,LAMP,BOW,LIST_2W,mismatch,1,RedBell_3.jpg,200
40,ZBXLV,BAG,LIST_1W,mismatch,3,GreenCane_1.jpg,300
41,CUP,HOUSE,LIST_2W,mismatch,2,BlackSquare_3.jpg,500
42,QXSW,HOUSE,LIST_1W,match,0,RedHouse_2.jpg,300
43,PLANE,CANE,LIST_2W,match,0,BluePlane_3.jpg,500
44,RJDNW,CANE,LIST_1W,mismatch,3,PinkHouse_3.jpg,400
45,BOAT,STAR,LIST_2W,mismatch,3,BlueFork_2.jpg,500
46,PLANE,STAR,LIST_2W,mismatch,2,PinkKey_2.jpg,400
47,RJDNW,BAG,LIST_1W,match,0,BlueBag_2.jpg,300
48,PLANE,BAG,LIST_2W,mismatch,3,BrownBow_2.jpg,200
49,XKQ,BELL,LIST_1W,match,0,GreenBell_2.jpg,600
50,PLANE,TREE,LIST_2W,mismatch,1,GreenBag_3.jpg,300
51,WVCNZ,CAR,LIST_1W,mismatch,3,PinkFlag_3.jpg,300
52,LAMP,SHOE,LIST_2W,match,0,BlueShoe_2.jpg,300
53,MTPV,BONE,LIST_1W,match,0,GreenBone_3.jpg,600
54,PLANE,KEY,LIST_2W,match,0,BluePlane_3.jpg,600
55,XKQ,LOCK,LIST_1W,match,0,RedLock_3.jpg,200
56,CROSS,NOTE,LIST_2W,mismatch,3,GreenHand_2.jpg,400
57,CROSS,FLAG,LIST_2W,mismatch,2,BlueBow_2.jpg,300
58,WVCNZ,TREE,LIST_1W,mismatch,1,GreenBow_2.jpg,600
59,CUP,KEY,LIST_2W,mismatch,1,GreenBoat_2.jpg,400
60,WVCNZ,KEY,LIST_1W,match,0,BlackKey_3.jpg,500
61,XKQ,HOUSE,LIST_1W,mismatch,2,BlackStar_2.jpg,500
62,MTPV,BELL,LIST_1W,mismatch,3,BrownCross_1.jpg,200
63,HOUSE,CROSS,LIST_2W,mismatch,2,BlueLamp_1.jpg,400
64,HOUSE,TREE,LIST_2W,match,0,BlueHouse_2.jpg,600
65,ZBXLV,DISC,LIST_1W,mismatch,1,BrownStar_1.jpg,200
66,LAMP,PLANE,LIST_2W,mismatch,3,BrownBone_2.jpg,500
67,RJDNW,SHOE,LIST_1W,mismatch,2,BlackBoat_1.jpg,600
68,BOAT,LAMP,LIST_2W,match,0,GreenLamp_2.jpg,500
69,MTPV,HOUSE,LIST_1W,match,0,BrownHouse_3.jpg,500
70,CROSS,HAND,LIST_2W,mismatch,2,GreenShoe_1.jpg,600
71,CUP,CANE,LIST_2W,match,0,BlackCane_1.jpg,400
72,RJDNW,HAND,LIST_1W,mismatch,2,BlackLeaf_1.jpg,500
73,CROSS,BOAT,LIST_2W,mismatch,2,BlueSquare_1.jpg,300
74,ZBXLV,TREE,LIST_1W,match,0,BrownTree_3.jpg,200
75,LAMP,BAG,LIST_2W,match,0,BrownLamp_3.jpg,500
76,PLANE,BONE,LIST_2W,mismatch,2,BrownHeart_3.jpg,200
77,XKQ,KEY,LIST_1W,mismatch,1,BlueBoat_1.jpg,500
78,MTPV,KEY,LIST_1W,mismatch,1,BlueTree_1.jpg,400
79,WVCNZ,BOAT,LIST_1W,match,0,BlueBoat_1.jpg,500
80,LAMP,LOCK,LIST_2W,match,0,GreenLock_3.jpg,200
81,RJDNW,BOW,LIST_1W,match,0,BlueBow_3.jpg,300
82,QXSW,CROSS,LIST_1W,mismatch,3,BlueKey_3.jpg,500
83,BOAT,FLAG,LIST_2W,match,0,BlueFlag_3.jpg,400
84,RJDNW,FLAG,LIST_1W,mismatch,3,BrownLock_1.jpg,200
85,LAMP,BONE,LIST_2W,match,0,BlueLamp_1.jpg,400
86,LAMP,CUP,LIST_2W,mismatch,3,BlueBag_2.jpg,400
87,CROSS,BONE,LIST_2W,match,0,GreenBone_1.jpg,600
88,XKQ,STAR,LIST_1W,match,0,BrownStar_1.jpg,600
89,QXSW,PLANE,LIST_1W,match,0,BluePlane_3.jpg,400
90,WVCNZ,BAG,LIST_1W,mismatch,3,BrownFlag_3.jpg,300
91,LAMP,HEART,LIST_2W,match,0,GreenHeart_3.jpg,500
92,XKQ,SQUARE,LIST_1W,match,0,BrownSquare_1.jpg,600
93,HOUSE,BAG,LIST_2W,match,0,PinkBag_3.jpg,600
94,MTPV,SQUARE,LIST_1W,mismatch,3,BrownBag_1.jpg,600
95,PLANE,LAMP,LIST_2W,mismatch,1,BlackBell_2.jpg,600
96,PLANE,BOAT,LIST_2W,match,0,RedBoat_2.jpg,300
97,WVCNZ,LOCK,LIST_1W,mismatch,2,BlackNote_1.jpg,200
98,XKQ,CANE,LIST_1W,match,0,PinkCane_1.jpg,300
99,RJDNW,BELL,LIST_1W,mismatch,2,PinkStar_1.jpg,300
