,Word_1st,Word_2nd,Condition,Match,Mismatch_Type,Image,ISI
0,BOAT,BONE,LIST_2W,mismatch,2,BluePlane_2.jpg,600
1,LAMP,HAND,LIST_2W,match,0,GreenHand_2.jpg,300
2,BOAT,CAR,LIST_2W,mismatch,3,GreenCross_3.jpg,200
3,WVCNZ,HOUSE,LIST_1W,match,0,BlueHouse_1.jpg,400
4,XKQ,BELL,LIST_1W,mismatch,1,PinkNote_3.jpg,600
5,LAMP,FLAG,LIST_2W,match,0,RedLamp_3.jpg,300
6,PLANE,FORK,LIST_2W,match,0,RedFork_2.jpg,200
7,QXSW,CROSS,LIST_1W,mismatch,1,RedBoat_2.jpg,200
8,HOUSE,NOTE,LIST_2W,mismatch,3,BlueBone_2.jpg,600
9,WVCNZ,HAND,LIST_1W,match,0,RedHand_1.jpg,400
10,CROSS,STAR,LIST_2W,match,0,GreenCross_1.jpg,200
11,MTPV,NOTE,LIST_1W,match,0,RedNote_2.jpg,300
12,QXSW,PLANE,LIST_1W,mismatch,3,BlueBow_3.jpg,400
13,CROSS,BOAT,LIST_2W,match,0,BrownBoat_1.jpg,400
14,PLANE,BOW,LIST_2W,match,0,BlueBow_3.jpg,300
15,MTPV,CUP,LIST_1W,mismatch,2,BlackBell_3.jpg,400
16,ZBXLV,NOTE,LIST_1W,match,0,PinkNote_3.jpg,500
17,CUP,HOUSE,LIST_2W,mismatch,3,BlackDisc_1.jpg,500
18,WVCNZ,LOCK,LIST_1W,mismatch,1,BlueHand_1.jpg,600
19,CROSS,BONE,LIST_2W,match,0,BrownBone_3.jpg,500
20,XKQ,FLAG,LIST_1W,match,0,PinkFlag_2.jpg,500
21,CROSS,CAR,LIST_2W,match,0,PinkCar_3.jpg,400
22,LAMP,BOAT,LIST_2W,mismatch,3,BrownLeaf_3.jpg,300
23,WVCNZ,SQUARE,LIST_1W,match,0,BlackSquare_3.jpg,400
24,BOAT,HEART,LIST_2W,mismatch,3,BrownHouse_2.jpg,200
25,CUP,LEAF,LIST_2W,match,0,BlackCup_2.jpg,200
26,WVCNZ,STAR,LIST_1W,mismatch,2,BlueBoat_3.jpg,500
27,PLANE,BAG,LIST_2W,match,0,BrownBag_1.jpg,200
28,LAMP,BONE,LIST_2W,mismatch,1,BrownBag_1.jpg,500
29,HOUSE,PLANE,LIST_2W,mismatch,1,GreenDisc_3.jpg,600
30,WVCNZ,FORK,LIST_1W,match,0,GreenFork_2.jpg,600
31,XKQ,HAND,LIST_1W,mismatch,3,RedSquare_1.jpg,400
32,CUP,SQUARE,LIST_2W,match,0,BrownSquare_2.jpg,600
33,XKQ,BOAT,LIST_1W,match,0,BlackBoat_2.jpg,400
34,XKQ,BONE,LIST_1W,match,0,BlackBone_3.jpg,200
35,XKQ,LAMP,LIST_1W,match,0,BlackLamp_1.jpg,200
36,BOAT,DISC,LIST_2W,mismatch,2,BlackBell_3.jpg,300
37,WVCNZ,BOW,LIST_1W,mismatch,1,GreenBell_2.jpg,300
38,XKQ,CANE,LIST_1W,match,0,PinkCane_1.jpg,200
39,BOAT,SQUARE,LIST_2W,mismatch,3,GreenHand_2.jpg,200
40,MTPV,SHOE,LIST_1W,mismatch,3,BlueLamp_1.jpg,300
41,CROSS,CANE,LIST_2W,mismatch,2,BlueBoat_2.jpg,500
42,WVCNZ,BAG,LIST_1W,match,0,BrownBag_1.jpg,300
43,LAMP,BELL,LIST_2W,match,0,PinkLamp_1.jpg,500
44,XKQ,TREE,LIST_1W,mismatch,2,RedHouse_2.jpg,400
45,HOUSE,HEART,LIST_2W,mismatch,2,GreenHand_1.jpg,500
46,LAMP,SHOE,LIST_2W,mismatch,3,BlueSquare_3.jpg,400
47,ZBXLV,TREE,LIST_1W,match,0,RedTree_3.jpg,300
48,CUP,BELL,LIST_2W,mismatch,1,BlackCross_1.jpg,200
49,WVCNZ,BOAT,LIST_1W,match,0,PinkBoat_2.jpg,600
50,HOUSE,FLAG,LIST_2W,mismatch,1,GreenSquare_2.jpg,300
51,MTPV,BOAT,LIST_1W,mismatch,3,GreenKey_1.jpg,300
52,LAMP,CANE,LIST_2W,match,0,BlueCane_2.jpg,300
53,ZBXLV,BOW,LIST_1W,match,0,GreenBow_1.jpg,600
54,CROSS,SQUARE,LIST_2W,match,0,BlackCross_2.jpg,600
55,ZBXLV,SHOE,LIST_1W,match,0,BrownShoe_3.jpg,200
56,LAMP,STAR,LIST_2W,mismatch,1,PinkBow_3.jpg,400
57,HOUSE,BOAT,LIST_2W,mismatch,3,RedCross_1.jpg,300
58,WVCNZ,FLAG,LIST_1W,mismatch,1,BlackHouse_1.jpg,600
59,LAMP,FORK,LIST_2W,mismatch,3,GreenTree_1.jpg,400
60,RJDNW,STAR,LIST_1W,match,0,BlackStar_3.jpg,500
61,RJDNW,DISC,LIST_1W,mismatch,3,BlueKey_3.jpg,500
62,MTPV,BAG,LIST_1W,mismatch,3,BrownBow_3.jpg,200
63,LAMP,KEY,LIST_2W,mismatch,1,BlueBag_3.jpg,400
64,LAMP,LOCK,LIST_2W,match,0,BrownLock_2.jpg,600
65,ZBXLV,FORK,LIST_1W,mismatch,3,RedLamp_1.jpg,200
66,CROSS,BAG,LIST_2W,mismatch,2,RedKey_1.jpg,500
67,QXSW,LOCK,LIST_1W,mismatch,3,BlueBell_3.jpg,600
68,LAMP,CAR,LIST_2W,match,0,BrownLamp_3.jpg,500
69,QXSW,CUP,LIST_1W,match,0,BlackCup_2.jpg,500
70,PLANE,FLAG,LIST_2W,mismatch,1,GreenKey_3.jpg,600
71,LAMP,NOTE,LIST_2W,match,0,BrownLamp_3.jpg,400
72,MTPV,STAR,LIST_1W,mismatch,1,GreenKey_2.jpg,500
73,PLANE,SQUARE,LIST_2W,mismatch,2,BrownShoe_3.jpg,300
74,QXSW,LAMP,LIST_1W,match,0,BlackLamp_2.jpg,200
75,BOAT,HOUSE,LIST_2W,match,0,GreenHouse_2.jpg,500
76,BOAT,CROSS,LIST_2W,mismatch,1,BrownCane_1.jpg,200
77,RJDNW,LEAF,LIST_1W,mismatch,1,BrownBell_1.jpg,500
78,MTPV,LEAF,LIST_1W,mismatch,1,GreenFlag_1.jpg,400
79,XKQ,BAG,LIST_1W,match,0,GreenBag_1.jpg,500
80,CUP,BAG,LIST_2W,match,0,PinkCup_1.jpg,200
81,XKQ,STAR,LIST_1W,match,0,PinkStar_1.jpg,300
82,ZBXLV,BAG,LIST_1W,mismatch,2,BlueFlag_1.jpg,500
83,CROSS,PLANE,LIST_2W,match,0,PinkCross_2.jpg,400
84,QXSW,BELL,LIST_1W,mismatch,2,BlueNote_1.jpg,200
85,BOAT,KEY,LIST_2W,match,0,GreenKey_2.jpg,400
86,LAMP,BAG,LIST_2W,mismatch,3,GreenCar_2.jpg,400
87,HOUSE,BELL,LIST_2W,match,0,GreenBell_1.jpg,600
88,XKQ,LEAF,LIST_1W,match,0,GreenLeaf_3.jpg,600
89,QXSW,CANE,LIST_1W,match,0,BlackCane_2.jpg,400
90,XKQ,KEY,LIST_1W,mismatch,2,BlackCar_3.jpg,300
91,CROSS,NOTE,LIST_2W,match,0,BlueNote_1.jpg,500
92,RJDNW,HEART,LIST_1W,match,0,PinkHeart_3.jpg,600
93,CUP,LAMP,LIST_2W,match,0,BlueLamp_3.jpg,600
94,RJDNW,BOAT,LIST_1W,mismatch,3,GreenCup_3.jpg,600
95,CUP,KEY,LIST_2W,mismatch,2,BlackFlag_2.jpg,600
96,HOUSE,DISC,LIST_2W,match,0,RedHouse_2.jpg,300
97,XKQ,BOW,LIST_1W,mismatch,2,BrownLamp_3.jpg,200
98,WVCNZ,DISC,LIST_1W,match,0,BrownDisc_1.jpg,300
99,WVCNZ,LAMP,LIST_1W,mismatch,1,RedLock_3.jpg,300
