,Word_1st,Word_2nd,Condition,Match,Mismatch_Type,Image,ISI
0,BLUE,BAG,COMP_2W,match,0,BlueBag_1.jpg,300
1,WVCNZ,SQUARE,COMP_1W,mismatch,2,BlackBow_3.jpg,300
2,BLACK,LEAF,COMP_2W,mismatch,2,RedLeaf_2.jpg,500
3,GREEN,BELL,COMP_2W,match,0,GreenBell_1.jpg,600
4,XKQ,CROSS,COMP_1W,match,0,GreenCross_2.jpg,400
5,QXSW,BOW,COMP_1W,mismatch,1,BlueNote_1.jpg,500
6,GREEN,SQUARE,COMP_2W,mismatch,2,PinkSquare_2.jpg,300
7,BLACK,SHOE,COMP_2W,mismatch,1,BlackBow_2.jpg,200
8,XKQ,LOCK,COMP_1W,match,0,RedLock_1.jpg,400
9,QXSW,CUP,COMP_1W,mismatch,1,PinkBag_3.jpg,600
10,BLUE,HOUSE,COMP_2W,match,0,BlueHouse_1.jpg,400
11,WVCNZ,STAR,COMP_1W,mismatch,3,PinkBow_2.jpg,400
12,MTPV,CANE,COMP_1W,match,0,BlueCane_2.jpg,600
13,RED,LOCK,COMP_2W,match,0,RedLock_1.jpg,500
14,BLUE,BOW,COMP_2W,mismatch,1,BlueHand_2.jpg,200
15,BROWN,BOAT,COMP_2W,mismatch,3,RedLamp_2.jpg,600
16,XKQ,LAMP,COMP_1W,mismatch,2,BlueLock_1.jpg,600
17,QXSW,SQUARE,COMP_1W,match,0,RedSquare_3.jpg,400
18,BLACK,STAR,COMP_2W,mismatch,1,BlackDisc_1.jpg,500
19,RED,SQUARE,COMP_2W,match,0,RedSquare_1.jpg,500
20,RED,CAR,COMP_2W,match,0,RedCar_2.jpg,600
21,XKQ,KEY,COMP_1W,match,0,PinkKey_2.jpg,200
22,MTPV,DISC,COMP_1W,match,0,GreenDisc_2.jpg,300
23,QXSW,LOCK,COMP_1W,mismatch,1,BrownCross_3.jpg,200
24,PINK,LOCK,COMP_2W,mismatch,1,PinkHeart_1.jpg,400
25,BLUE,SQUARE,COMP_2W,match,0,BlueSquare_1.jpg,600
26,GREEN,CUP,COMP_2W,match,0,GreenCup_1.jpg,400
27,QXSW,DISC,COMP_1W,mismatch,2,GreenCross_3.jpg,400
28,ZBXLV,LEAF,COMP_1W,mismatch,2,RedDisc_1.jpg,200
29,PINK,TREE,COMP_2W,match,0,PinkTree_1.jpg,200
30,MTPV,LOCK,COMP_1W,mismatch,1,BlueCup_1.jpg,200
31,PINK,LAMP,COMP_2W,match,0,PinkLamp_1.jpg,600
32,XKQ,HOUSE,COMP_1W,mismatch,2,PinkLamp_2.jpg,500
33,BLUE,CANE,COMP_2W,match,0,BlueCane_3.jpg,300
34,WVCNZ,NOTE,COMP_1W,match,0,GreenNote_1.jpg,600
35,RED,FLAG,COMP_2W,match,0,RedFlag_1.jpg,500
36,RED,NOTE,COMP_2W,mismatch,2,RedNote_3.jpg,600
37,WVCNZ,BOW,COMP_1W,match,0,BlackBow_3.jpg,500
38,PINK,LEAF,COMP_2W,match,0,PinkLeaf_1.jpg,200
39,BLUE,LEAF,COMP_2W,match,0,BlueLeaf_1.jpg,400
40,RJDNW,SQUARE,COMP_1W,mismatch,1,BlackDisc_2.jpg,400
41,RED,SHOE,COMP_2W,mismatch,3,BlueBow_2.jpg,300
42,GREEN,TREE,COMP_2W,match,0,GreenTree_1.jpg,300
43,RED,FORK,COMP_2W,match,0,RedFork_3.jpg,200
44,QXSW,PLANE,COMP_1W,mismatch,3,BrownHouse_2.jpg,600
45,WVCNZ,TREE,COMP_1W,match,0,PinkTree_3.jpg,400
46,BLUE,PLANE,COMP_2W,mismatch,3,GreenSquare_3.jpg,300
47,ZBXLV,CUP,COMP_1W,mismatch,2,BrownCross_2.jpg,500
48,BLUE,BELL,COMP_2W,mismatch,2,BlueBell_2.jpg,600
49,WVCNZ,CAR,COMP_1W,match,0,RedCar_2.jpg,500
50,ZBXLV,FORK,COMP_1W,mismatch,3,BlueBell_2.jpg,300
51,BLACK,KEY,COMP_2W,mismatch,1,BlackDisc_1.jpg,400
52,WVCNZ,SHOE,COMP_1W,mismatch,1,PinkKey_3.jpg,300
53,WVCNZ,BAG,COMP_1W,match,0,BlackBag_3.jpg,500
54,QXSW,BAG,COMP_1W,mismatch,1,GreenLeaf_2.jpg,200
55,GREEN,HEART,COMP_2W,match,0,GreenHeart_1.jpg,400
56,MTPV,HAND,COMP_1W,match,0,GreenHand_3.jpg,600
57,RED,HOUSE,COMP_2W,mismatch,2,BlackHouse_1.jpg,200
58,BLUE,HEART,COMP_2W,match,0,BlueHeart_1.jpg,500
59,XKQ,BOW,COMP_1W,match,0,BrownBow_2.jpg,200
60,QXSW,CROSS,COMP_1W,mismatch,3,RedCane_2.jpg,300
61,PINK,HEART,COMP_2W,mismatch,2,BrownHeart_1.jpg,200
62,XKQ,TREE,COMP_1W,mismatch,3,BlackPlane_3.jpg,500
63,BLACK,BONE,COMP_2W,match,0,BlackBone_1.jpg,200
64,MTPV,BAG,COMP_1W,match,0,BrownBag_3.jpg,300
65,BLACK,BOAT,COMP_2W,match,0,BlackBoat_2.jpg,500
66,MTPV,HEART,COMP_1W,mismatch,2,BlueBow_1.jpg,400
67,ZBXLV,HOUSE,COMP_1W,mismatch,2,RedNote_2.jpg,400
68,MTPV,CUP,COMP_1W,match,0,RedCup_2.jpg,200
69,RED,BOAT,COMP_2W,mismatch,3,BrownKey_1.jpg,300
70,BROWN,CUP,COMP_2W,mismatch,2,GreenCup_2.jpg,300
71,ZBXLV,BOW,COMP_1W,mismatch,1,RedCup_3.jpg,500
72,BLUE,HAND,COMP_2W,match,0,BlueHand_3.jpg,600
73,MTPV,HOUSE,COMP_1W,match,0,GreenHouse_1.jpg,400
74,BROWN,LOCK,COMP_2W,match,0,BrownLock_3.jpg,300
75,RJDNW,BONE,COMP_1W,match,0,BlueBone_2.jpg,300
76,BLUE,FLAG,COMP_2W,mismatch,3,BlackLamp_1.jpg,400
77,MTPV,FORK,COMP_1W,match,0,GreenFork_3.jpg,500
78,GREEN,BONE,COMP_2W,mismatch,1,GreenTree_2.jpg,400
79,XKQ,PLANE,COMP_1W,match,0,PinkPlane_3.jpg,500
80,WVCNZ,PLANE,COMP_1W,match,0,PinkPlane_3.jpg,300
81,BROWN,BAG,COMP_2W,match,0,BrownBag_3.jpg,400
82,XKQ,FLAG,COMP_1W,match,0,BlueFlag_1.jpg,200
83,BLUE,CROSS,COMP_2W,mismatch,3,GreenCane_1.jpg,400
84,MTPV,BELL,COMP_1W,mismatch,2,PinkNote_2.jpg,200
85,PINK,NOTE,COMP_2W,mismatch,1,PinkBell_1.jpg,600
86,ZBXLV,LAMP,COMP_1W,match,0,GreenLamp_1.jpg,600
87,PINK,CROSS,COMP_2W,mismatch,3,RedTree_1.jpg,200
88,QXSW,BONE,COMP_1W,mismatch,2,RedBow_2.jpg,600
89,GREEN,BOAT,COMP_2W,match,0,GreenBoat_1.jpg,200
90,PINK,BAG,COMP_2W,mismatch,1,PinkHouse_2.jpg,500
91,RED,PLANE,COMP_2W,match,0,RedPlane_2.jpg,300
92,ZBXLV,CROSS,COMP_1W,match,0,BlackCross_3.jpg,300
93,WVCNZ,HAND,COMP_1W,match,0,PinkHand_1.jpg,200
94,ZBXLV,HEART,COMP_1W,mismatch,1,PinkBag_2.jpg,600
95,RED,DISC,COMP_2W,mismatch,3,BlueCup_2.jpg,500
96,QXSW,STAR,COMP_1W,match,0,BlackStar_2.jpg,600
97,BROWN,BOW,COMP_2W,mismatch,1,BrownDisc_1.jpg,600
98,XKQ,BELL,COMP_1W,mismatch,2,BrownHand_2.jpg,300
99,BROWN,SQUARE,COMP_2W,mismatch,1,BrownHouse_3.jpg,500
