,Consonant_COMP,Modifier_COMP,Consonant_LIST,Modifier_LIST,Head,Match,Mismatch_Type,List_Match,Image_COMP_1W,Image_COMP_2W,Image_LIST_1W,Image_LIST_2W
0,QXSW,PINK,MTPV,BOAT,DISC,match,0,1,BlueDisc_2.jpg,PinkDisc_1.jpg,PinkDisc_1.jpg,BlueBoat_1.jpg
1,XKQ,RED,XKQ,CUP,DISC,match,0,2,RedDisc_2.jpg,RedDisc_3.jpg,GreenDisc_2.jpg,BrownDisc_1.jpg
2,RJDNW,BROWN,ZBXLV,HOUSE,DISC,mismatch,2,0,RedBell_2.jpg,GreenDisc_3.jpg,BrownPlane_3.jpg,PinkCup_1.jpg
3,MTPV,BLUE,QXSW,LAMP,DISC,mismatch,3,0,BlueFlag_2.jpg,BlueBone_3.jpg,GreenBone_3.jpg,GreenStar_2.jpg
4,QXSW,PINK,MTPV,BOAT,PLANE,match,0,1,BlackPlane_1.jpg,PinkPlane_1.jpg,BluePlane_3.jpg,BrownBoat_3.jpg
5,MTPV,BLUE,QXSW,LAMP,PLANE,match,0,2,BrownPlane_3.jpg,BluePlane_2.jpg,BrownPlane_3.jpg,BrownPlane_2.jpg
6,XKQ,RED,XKQ,CUP,PLANE,mismatch,2,0,PinkCup_3.jpg,GreenPlane_1.jpg,BrownBoat_1.jpg,BrownNote_1.jpg
7,RJDNW,BLACK,WVCNZ,HOUSE,PLANE,mismatch,3,0,RedShoe_1.jpg,GreenKey_3.jpg,PinkLock_3.jpg,RedBell_1.jpg
8,MTPV,PINK,QXSW,LAMP,BAG,match,0,1,BrownBag_1.jpg,PinkBag_1.jpg,RedBag_2.jpg,BlackLamp_3.jpg
9,RJDNW,GREEN,ZBXLV,CROSS,BAG,match,0,2,BlackBag_2.jpg,GreenBag_1.jpg,GreenBag_1.jpg,PinkBag_3.jpg
10,XKQ,RED,XKQ,CUP,BAG,mismatch,1,0,BlackFork_3.jpg,RedKey_1.jpg,RedPlane_2.jpg,BlueKey_1.jpg
11,ZBXLV,BLACK,RJDNW,HOUSE,BAG,mismatch,2,0,PinkDisc_2.jpg,BrownBag_1.jpg,GreenBoat_2.jpg,PinkCar_2.jpg
12,WVCNZ,GREEN,ZBXLV,CROSS,LOCK,match,0,1,GreenLock_3.jpg,GreenLock_1.jpg,BrownLock_2.jpg,BlueCross_1.jpg
13,XKQ,RED,XKQ,CUP,LOCK,match,0,2,GreenLock_3.jpg,RedLock_3.jpg,BlueLock_3.jpg,BlueLock_1.jpg
14,MTPV,PINK,QXSW,LAMP,LOCK,mismatch,3,0,BlackFork_3.jpg,GreenCar_2.jpg,BlueHeart_1.jpg,GreenDisc_1.jpg
15,RJDNW,BLACK,RJDNW,PLANE,LOCK,mismatch,2,0,RedCane_3.jpg,BlackLock_2.jpg,BrownBone_3.jpg,BlueFlag_2.jpg
16,XKQ,RED,XKQ,CUP,CANE,match,0,1,BlueCane_3.jpg,RedCane_3.jpg,RedCane_2.jpg,BlackCup_2.jpg
17,RJDNW,BROWN,WVCNZ,HOUSE,CANE,match,0,2,GreenCane_3.jpg,BrownCane_1.jpg,RedCane_2.jpg,RedCane_1.jpg
18,QXSW,PINK,QXSW,LAMP,CANE,mismatch,2,0,BlackBone_2.jpg,BlackCane_2.jpg,RedNote_3.jpg,BlackSquare_3.jpg
19,ZBXLV,BLACK,ZBXLV,CROSS,CANE,mismatch,2,0,BrownLamp_1.jpg,BlackCane_1.jpg,PinkBell_1.jpg,BrownFlag_3.jpg
20,ZBXLV,BROWN,RJDNW,CROSS,HAND,match,0,1,PinkHand_1.jpg,BrownHand_1.jpg,BlueHand_1.jpg,RedCross_1.jpg
21,XKQ,RED,XKQ,CUP,HAND,match,0,2,GreenHand_1.jpg,RedHand_1.jpg,RedHand_1.jpg,PinkHand_1.jpg
22,WVCNZ,GREEN,ZBXLV,PLANE,HAND,mismatch,2,0,BlackDisc_2.jpg,BlackHand_2.jpg,BlueBoat_1.jpg,GreenCane_2.jpg
23,RJDNW,BLACK,WVCNZ,HOUSE,HAND,mismatch,1,0,RedCross_3.jpg,BlackDisc_1.jpg,PinkCup_2.jpg,RedLock_1.jpg
24,MTPV,PINK,QXSW,LAMP,KEY,match,0,1,RedKey_1.jpg,PinkKey_1.jpg,GreenKey_1.jpg,GreenLamp_1.jpg
25,ZBXLV,BLACK,ZBXLV,HOUSE,KEY,match,0,2,RedKey_1.jpg,BlackKey_3.jpg,BrownKey_2.jpg,RedKey_2.jpg
26,QXSW,BLUE,MTPV,BOAT,KEY,mismatch,1,0,PinkCar_1.jpg,BlueBoat_2.jpg,BlackHand_2.jpg,PinkBell_1.jpg
27,RJDNW,GREEN,WVCNZ,PLANE,KEY,mismatch,3,0,GreenCross_2.jpg,GreenShoe_1.jpg,BlueHeart_3.jpg,GreenCup_2.jpg
28,WVCNZ,BLACK,WVCNZ,CROSS,SHOE,match,0,1,PinkShoe_2.jpg,BlackShoe_1.jpg,BlueShoe_3.jpg,RedCross_1.jpg
29,QXSW,PINK,QXSW,LAMP,SHOE,match,0,2,GreenShoe_1.jpg,PinkShoe_2.jpg,GreenShoe_1.jpg,GreenShoe_3.jpg
30,XKQ,RED,XKQ,CUP,SHOE,mismatch,1,0,PinkHouse_3.jpg,RedPlane_2.jpg,BrownLamp_2.jpg,BlueFork_3.jpg
31,ZBXLV,GREEN,ZBXLV,PLANE,SHOE,mismatch,1,0,BrownFork_1.jpg,GreenNote_3.jpg,PinkSquare_3.jpg,PinkLamp_3.jpg
32,MTPV,PINK,MTPV,LAMP,BONE,match,0,1,PinkBone_1.jpg,PinkBone_2.jpg,PinkBone_2.jpg,BrownLamp_1.jpg
33,WVCNZ,BLACK,RJDNW,CROSS,BONE,match,0,2,BrownBone_3.jpg,BlackBone_1.jpg,RedBone_3.jpg,BrownBone_2.jpg
34,QXSW,BLUE,QXSW,BOAT,BONE,mismatch,3,0,RedNote_1.jpg,PinkDisc_3.jpg,PinkTree_1.jpg,BlackPlane_1.jpg
35,XKQ,RED,XKQ,CUP,BONE,mismatch,3,0,BlueFlag_1.jpg,GreenFork_1.jpg,RedLock_3.jpg,BrownKey_2.jpg
36,WVCNZ,GREEN,RJDNW,CROSS,SQUARE,match,0,1,GreenSquare_3.jpg,GreenSquare_2.jpg,RedSquare_1.jpg,GreenCross_1.jpg
37,MTPV,PINK,QXSW,BOAT,SQUARE,match,0,2,BrownSquare_2.jpg,PinkSquare_3.jpg,PinkSquare_3.jpg,BlackSquare_1.jpg
38,RJDNW,BLACK,WVCNZ,HOUSE,SQUARE,mismatch,2,0,BlackHand_3.jpg,BlueSquare_2.jpg,BrownNote_3.jpg,GreenBoat_1.jpg
39,XKQ,RED,XKQ,CUP,SQUARE,mismatch,3,0,GreenCup_1.jpg,GreenBell_3.jpg,BrownNote_2.jpg,GreenStar_3.jpg
40,XKQ,RED,XKQ,CUP,BELL,match,0,1,BlueBell_3.jpg,RedBell_3.jpg,GreenBell_1.jpg,BrownCup_2.jpg
41,RJDNW,BLACK,RJDNW,PLANE,BELL,match,0,2,RedBell_2.jpg,BlackBell_1.jpg,BlackBell_2.jpg,BlueBell_1.jpg
42,MTPV,BLUE,MTPV,LAMP,BELL,mismatch,3,0,BlackTree_2.jpg,GreenHand_2.jpg,PinkLock_1.jpg,GreenHouse_1.jpg
43,ZBXLV,BROWN,WVCNZ,HOUSE,BELL,mismatch,1,0,BlueLock_1.jpg,BrownBone_2.jpg,GreenHeart_2.jpg,BlueCane_3.jpg
44,MTPV,PINK,MTPV,LAMP,BOAT,match,0,1,RedBoat_3.jpg,PinkBoat_2.jpg,BlueBoat_2.jpg,GreenLamp_2.jpg
45,XKQ,RED,XKQ,CUP,BOAT,match,0,2,PinkBoat_2.jpg,RedBoat_2.jpg,RedBoat_2.jpg,GreenBoat_3.jpg
46,WVCNZ,BLACK,WVCNZ,HOUSE,BOAT,mismatch,1,0,BlueHouse_3.jpg,BlackPlane_3.jpg,BlackHeart_1.jpg,RedLock_2.jpg
47,RJDNW,BROWN,ZBXLV,PLANE,BOAT,mismatch,3,0,BlueHouse_2.jpg,PinkLeaf_3.jpg,GreenBag_1.jpg,RedBell_2.jpg
48,QXSW,BLUE,MTPV,LAMP,BOW,match,0,1,RedBow_1.jpg,BlueBow_1.jpg,PinkBow_2.jpg,BlueLamp_3.jpg
49,XKQ,RED,XKQ,CUP,BOW,match,0,2,PinkBow_3.jpg,RedBow_1.jpg,BrownBow_3.jpg,GreenBow_2.jpg
50,RJDNW,GREEN,ZBXLV,HOUSE,BOW,mismatch,2,0,PinkLeaf_1.jpg,BlackBow_1.jpg,BlackCross_1.jpg,GreenDisc_3.jpg
51,MTPV,PINK,QXSW,BOAT,BOW,mismatch,1,0,RedNote_1.jpg,PinkHouse_1.jpg,BlueKey_2.jpg,RedCup_3.jpg
52,MTPV,BLUE,QXSW,BOAT,CAR,match,0,1,RedCar_2.jpg,BlueCar_3.jpg,BlueCar_1.jpg,GreenBoat_1.jpg
53,RJDNW,BLACK,WVCNZ,CROSS,CAR,match,0,2,BlueCar_3.jpg,BlackCar_2.jpg,RedCar_3.jpg,BlackCar_1.jpg
54,ZBXLV,GREEN,RJDNW,PLANE,CAR,mismatch,1,0,RedCross_3.jpg,GreenHand_2.jpg,BlackBag_3.jpg,PinkBag_2.jpg
55,WVCNZ,BROWN,ZBXLV,HOUSE,CAR,mismatch,3,0,GreenKey_2.jpg,BlueHouse_2.jpg,BrownSquare_1.jpg,BlueSquare_2.jpg
56,ZBXLV,BROWN,ZBXLV,HOUSE,CROSS,match,0,1,BlackCross_3.jpg,BrownCross_1.jpg,RedCross_1.jpg,BlueHouse_3.jpg
57,XKQ,RED,XKQ,CUP,CROSS,match,0,2,BlueCross_2.jpg,RedCross_3.jpg,GreenCross_1.jpg,PinkCross_2.jpg
58,QXSW,BLUE,MTPV,BOAT,CROSS,mismatch,1,0,BlackPlane_2.jpg,BlueCar_2.jpg,GreenCane_1.jpg,BlueNote_3.jpg
59,RJDNW,BLACK,RJDNW,PLANE,CROSS,mismatch,2,0,RedBone_3.jpg,BlueCross_1.jpg,GreenNote_3.jpg,BlueBag_3.jpg
60,MTPV,PINK,MTPV,BOAT,CUP,match,0,1,PinkCup_3.jpg,PinkCup_2.jpg,GreenCup_2.jpg,BrownBoat_3.jpg
61,WVCNZ,GREEN,RJDNW,CROSS,CUP,match,0,2,RedCup_1.jpg,GreenCup_1.jpg,BrownCup_3.jpg,BlueCup_1.jpg
62,ZBXLV,BROWN,WVCNZ,PLANE,CUP,mismatch,1,0,PinkHouse_1.jpg,BrownStar_1.jpg,PinkSquare_3.jpg,PinkBag_2.jpg
63,RJDNW,BLACK,ZBXLV,HOUSE,CUP,mismatch,1,0,GreenShoe_3.jpg,BlackBow_2.jpg,BlueTree_2.jpg,PinkSquare_3.jpg
64,RJDNW,BLACK,RJDNW,CROSS,FLAG,match,0,1,PinkFlag_3.jpg,BlackFlag_3.jpg,BrownFlag_1.jpg,GreenCross_2.jpg
65,WVCNZ,BROWN,WVCNZ,HOUSE,FLAG,match,0,2,BlueFlag_2.jpg,BrownFlag_3.jpg,BlackFlag_1.jpg,PinkFlag_1.jpg
66,MTPV,PINK,QXSW,LAMP,FLAG,mismatch,3,0,GreenBone_3.jpg,GreenCross_2.jpg,PinkFork_3.jpg,PinkCross_2.jpg
67,QXSW,BLUE,MTPV,BOAT,FLAG,mismatch,1,0,RedBag_1.jpg,BlueBell_3.jpg,BrownBag_2.jpg,PinkSquare_1.jpg
68,WVCNZ,BLACK,RJDNW,HOUSE,FORK,match,0,1,BlackFork_2.jpg,BlackFork_2.jpg,GreenFork_2.jpg,BrownHouse_2.jpg
69,RJDNW,GREEN,ZBXLV,CROSS,FORK,match,0,2,RedFork_2.jpg,GreenFork_1.jpg,GreenFork_2.jpg,BrownFork_2.jpg
70,QXSW,BLUE,QXSW,BOAT,FORK,mismatch,2,0,GreenCane_2.jpg,BlackFork_1.jpg,BrownStar_1.jpg,BlackBell_3.jpg
71,ZBXLV,BROWN,WVCNZ,PLANE,FORK,mismatch,2,0,BlueCup_2.jpg,BrownFork_3.jpg,BrownBell_2.jpg,PinkHeart_2.jpg
72,MTPV,PINK,MTPV,LAMP,HEART,match,0,1,BlueHeart_1.jpg,PinkHeart_1.jpg,BlueHeart_3.jpg,BrownLamp_1.jpg
73,XKQ,RED,XKQ,CUP,HEART,match,0,2,BlueHeart_3.jpg,RedHeart_3.jpg,BrownHeart_2.jpg,RedHeart_1.jpg
74,ZBXLV,GREEN,RJDNW,CROSS,HEART,mismatch,1,0,BlueCane_1.jpg,GreenCup_1.jpg,BrownLock_3.jpg,BlueBag_1.jpg
75,RJDNW,BROWN,WVCNZ,PLANE,HEART,mismatch,3,0,BlueStar_2.jpg,BlackCross_3.jpg,BrownCane_2.jpg,GreenShoe_3.jpg
76,XKQ,RED,XKQ,CUP,LAMP,match,0,1,BrownLamp_1.jpg,RedLamp_2.jpg,GreenLamp_2.jpg,BlackCup_3.jpg
77,RJDNW,BLACK,RJDNW,HOUSE,LAMP,match,0,2,BlackLamp_2.jpg,BlackLamp_2.jpg,GreenLamp_3.jpg,PinkLamp_1.jpg
78,ZBXLV,BROWN,ZBXLV,PLANE,LAMP,mismatch,3,0,BlackDisc_2.jpg,BrownTree_3.jpg,BrownSquare_3.jpg,GreenCar_1.jpg
79,WVCNZ,GREEN,WVCNZ,CROSS,LAMP,mismatch,2,0,RedHeart_2.jpg,BlueLamp_3.jpg,RedKey_1.jpg,PinkShoe_3.jpg
80,XKQ,RED,XKQ,CUP,LEAF,match,0,1,BlueLeaf_1.jpg,RedLeaf_1.jpg,BlackLeaf_2.jpg,BlackCup_1.jpg
81,WVCNZ,GREEN,ZBXLV,CROSS,LEAF,match,0,2,BlueLeaf_2.jpg,GreenLeaf_2.jpg,BlackLeaf_1.jpg,BlueLeaf_3.jpg
82,ZBXLV,BLACK,RJDNW,HOUSE,LEAF,mismatch,3,0,BlackCane_3.jpg,PinkDisc_1.jpg,BlackSquare_3.jpg,BlueBoat_3.jpg
83,MTPV,PINK,QXSW,BOAT,LEAF,mismatch,3,0,PinkCane_2.jpg,BlackBoat_2.jpg,PinkSquare_3.jpg,BrownStar_3.jpg
84,XKQ,RED,XKQ,CUP,NOTE,match,0,1,BlackNote_1.jpg,RedNote_3.jpg,GreenNote_2.jpg,BlackCup_3.jpg
85,RJDNW,BROWN,WVCNZ,CROSS,NOTE,match,0,2,RedNote_3.jpg,BrownNote_3.jpg,BrownNote_3.jpg,PinkNote_3.jpg
86,MTPV,BLUE,QXSW,BOAT,NOTE,mismatch,2,0,BlackFork_2.jpg,BlueNote_1.jpg,BlueBell_1.jpg,BlackDisc_1.jpg
87,ZBXLV,GREEN,RJDNW,PLANE,NOTE,mismatch,3,0,RedBell_2.jpg,BrownDisc_1.jpg,RedHouse_3.jpg,BlueBoat_2.jpg
88,ZBXLV,BROWN,WVCNZ,PLANE,STAR,match,0,1,BlackStar_2.jpg,BrownStar_2.jpg,BlueStar_1.jpg,PinkPlane_2.jpg
89,WVCNZ,GREEN,ZBXLV,HOUSE,STAR,match,0,2,GreenStar_1.jpg,GreenStar_2.jpg,RedStar_1.jpg,RedStar_1.jpg
90,QXSW,PINK,QXSW,LAMP,STAR,mismatch,3,0,RedHouse_1.jpg,RedCross_3.jpg,BrownLeaf_3.jpg,GreenLock_1.jpg
91,RJDNW,BLACK,RJDNW,CROSS,STAR,mismatch,1,0,RedHeart_2.jpg,BlackCup_1.jpg,PinkHeart_1.jpg,PinkHeart_3.jpg
92,WVCNZ,BLACK,WVCNZ,HOUSE,TREE,match,0,1,BrownTree_3.jpg,BlackTree_1.jpg,BlueTree_2.jpg,GreenHouse_2.jpg
93,QXSW,BLUE,MTPV,BOAT,TREE,match,0,2,BlackTree_3.jpg,BlueTree_1.jpg,BrownTree_2.jpg,PinkTree_3.jpg
94,RJDNW,GREEN,ZBXLV,PLANE,TREE,mismatch,1,0,BlueSquare_2.jpg,GreenBoat_2.jpg,BrownBag_3.jpg,PinkShoe_3.jpg
95,MTPV,PINK,QXSW,LAMP,TREE,mismatch,2,0,GreenFlag_2.jpg,GreenTree_2.jpg,GreenBag_3.jpg,BlueStar_3.jpg
96,MTPV,PINK,MTPV,BOAT,HOUSE,match,0,1,RedHouse_3.jpg,PinkHouse_1.jpg,PinkHouse_1.jpg,RedBoat_3.jpg
97,WVCNZ,BLACK,WVCNZ,CROSS,HOUSE,match,0,2,BlueHouse_3.jpg,BlackHouse_1.jpg,PinkHouse_1.jpg,BlueHouse_1.jpg
98,QXSW,BLUE,QXSW,LAMP,HOUSE,mismatch,3,0,BlackPlane_1.jpg,PinkTree_1.jpg,BlackNote_1.jpg,RedBoat_3.jpg
99,ZBXLV,GREEN,ZBXLV,PLANE,HOUSE,mismatch,2,0,GreenLeaf_3.jpg,BlackHouse_3.jpg,BlackShoe_1.jpg,BrownBag_1.jpg
