,Consonant_COMP,Modifier_COMP,Consonant_LIST,Modifier_LIST,Head,Match,Mismatch_Type,List_Match,Image_COMP_1W,Image_COMP_2W,Image_LIST_1W,Image_LIST_2W
0,MTPV,BLUE,MTPV,LAMP,DISC,match,0,1,BrownDisc_2.jpg,BlueDisc_2.jpg,GreenDisc_3.jpg,BlackLamp_2.jpg
1,XKQ,RED,XKQ,CUP,DISC,match,0,2,BlueDisc_3.jpg,RedDisc_1.jpg,BrownDisc_1.jpg,PinkDisc_2.jpg
2,QXSW,PINK,QXSW,BOAT,DISC,mismatch,1,0,RedCar_3.jpg,PinkBell_3.jpg,BrownHand_2.jpg,PinkBone_3.jpg
3,RJDNW,BROWN,ZBXLV,CROSS,DISC,mismatch,1,0,GreenHouse_2.jpg,BrownLeaf_2.jpg,GreenTree_2.jpg,PinkHand_2.jpg
4,MTPV,BLUE,QXSW,BOAT,PLANE,match,0,1,BlackPlane_1.jpg,BluePlane_3.jpg,GreenPlane_2.jpg,PinkBoat_2.jpg
5,ZBXLV,BLACK,RJDNW,HOUSE,PLANE,match,0,2,PinkPlane_2.jpg,BlackPlane_3.jpg,PinkPlane_1.jpg,BrownPlane_3.jpg
6,XKQ,RED,XKQ,CUP,PLANE,mismatch,3,0,GreenBone_2.jpg,PinkDisc_2.jpg,RedNote_3.jpg,PinkCar_3.jpg
7,WVCNZ,BROWN,WVCNZ,CROSS,PLANE,mismatch,3,0,GreenNote_3.jpg,BlackBoat_3.jpg,BrownKey_2.jpg,RedHand_3.jpg
8,QXSW,PINK,QXSW,LAMP,BAG,match,0,1,BlueBag_2.jpg,PinkBag_3.jpg,PinkBag_1.jpg,PinkLamp_3.jpg
9,MTPV,BLUE,MTPV,BOAT,BAG,match,0,2,RedBag_2.jpg,BlueBag_2.jpg,PinkBag_1.jpg,RedBag_1.jpg
10,XKQ,RED,XKQ,CUP,BAG,mismatch,1,0,BlackPlane_2.jpg,RedCane_3.jpg,BrownBow_2.jpg,BlackDisc_1.jpg
11,WVCNZ,BLACK,RJDNW,CROSS,BAG,mismatch,3,0,BluePlane_3.jpg,GreenHeart_1.jpg,PinkNote_3.jpg,PinkSquare_3.jpg
12,MTPV,BLUE,MTPV,LAMP,LOCK,match,0,1,PinkLock_1.jpg,BlueLock_2.jpg,GreenLock_1.jpg,RedLamp_1.jpg
13,RJDNW,GREEN,RJDNW,CROSS,LOCK,match,0,2,BrownLock_3.jpg,GreenLock_3.jpg,RedLock_2.jpg,GreenLock_2.jpg
14,WVCNZ,BLACK,ZBXLV,HOUSE,LOCK,mismatch,2,0,BluePlane_3.jpg,GreenLock_1.jpg,BlackBag_1.jpg,BlueDisc_3.jpg
15,XKQ,RED,XKQ,CUP,LOCK,mismatch,1,0,BlueLeaf_1.jpg,RedHeart_1.jpg,BlueBag_3.jpg,PinkPlane_1.jpg
16,RJDNW,GREEN,ZBXLV,HOUSE,CANE,match,0,1,RedCane_1.jpg,GreenCane_3.jpg,BlueCane_2.jpg,GreenHouse_2.jpg
17,XKQ,RED,XKQ,CUP,CANE,match,0,2,RedCane_3.jpg,RedCane_2.jpg,BrownCane_3.jpg,RedCane_3.jpg
18,ZBXLV,BLACK,WVCNZ,CROSS,CANE,mismatch,2,0,PinkFork_1.jpg,BlueCane_1.jpg,BlueNote_3.jpg,BlackKey_1.jpg
19,WVCNZ,BROWN,RJDNW,PLANE,CANE,mismatch,3,0,BlueDisc_3.jpg,GreenFlag_2.jpg,BlueBow_2.jpg,BrownCup_1.jpg
20,WVCNZ,BLACK,RJDNW,HOUSE,HAND,match,0,1,RedHand_1.jpg,BlackHand_3.jpg,BlackHand_3.jpg,PinkHouse_3.jpg
21,MTPV,PINK,QXSW,LAMP,HAND,match,0,2,RedHand_3.jpg,PinkHand_3.jpg,GreenHand_1.jpg,BrownHand_3.jpg
22,QXSW,BLUE,MTPV,BOAT,HAND,mismatch,2,0,BlueLamp_1.jpg,GreenHand_3.jpg,BlackTree_3.jpg,BrownCar_1.jpg
23,RJDNW,BROWN,WVCNZ,PLANE,HAND,mismatch,2,0,PinkStar_2.jpg,BlackHand_2.jpg,BlackKey_1.jpg,BlueHeart_2.jpg
24,MTPV,PINK,MTPV,LAMP,KEY,match,0,1,BlackKey_2.jpg,PinkKey_1.jpg,GreenKey_2.jpg,BlueLamp_3.jpg
25,ZBXLV,GREEN,WVCNZ,CROSS,KEY,match,0,2,GreenKey_2.jpg,GreenKey_3.jpg,PinkKey_2.jpg,BlackKey_1.jpg
26,WVCNZ,BROWN,RJDNW,HOUSE,KEY,mismatch,3,0,BrownCane_1.jpg,PinkNote_1.jpg,RedBow_1.jpg,BlueNote_3.jpg
27,XKQ,RED,XKQ,CUP,KEY,mismatch,1,0,BlueBone_1.jpg,RedPlane_1.jpg,BlueSquare_3.jpg,BlueTree_3.jpg
28,RJDNW,BROWN,ZBXLV,HOUSE,SHOE,match,0,1,GreenShoe_1.jpg,BrownShoe_3.jpg,BlueShoe_3.jpg,GreenHouse_3.jpg
29,WVCNZ,BLACK,WVCNZ,PLANE,SHOE,match,0,2,BlueShoe_2.jpg,BlackShoe_1.jpg,BlueShoe_1.jpg,BlackShoe_1.jpg
30,ZBXLV,GREEN,RJDNW,CROSS,SHOE,mismatch,3,0,GreenLamp_3.jpg,PinkFork_3.jpg,BlueKey_2.jpg,BlueStar_2.jpg
31,MTPV,BLUE,QXSW,LAMP,SHOE,mismatch,3,0,RedBow_3.jpg,BlueLeaf_1.jpg,GreenLock_2.jpg,BlueBone_3.jpg
32,MTPV,BLUE,QXSW,LAMP,BONE,match,0,1,PinkBone_3.jpg,BlueBone_3.jpg,BlueBone_2.jpg,GreenLamp_1.jpg
33,ZBXLV,BROWN,RJDNW,PLANE,BONE,match,0,2,RedBone_3.jpg,BrownBone_3.jpg,RedBone_3.jpg,BlueBone_2.jpg
34,RJDNW,GREEN,WVCNZ,HOUSE,BONE,mismatch,2,0,RedFlag_3.jpg,BlackBone_3.jpg,BrownBell_3.jpg,PinkHand_3.jpg
35,XKQ,RED,XKQ,CUP,BONE,mismatch,3,0,BrownKey_1.jpg,GreenTree_1.jpg,RedLock_1.jpg,PinkLamp_3.jpg
36,XKQ,RED,XKQ,CUP,SQUARE,match,0,1,BlueSquare_2.jpg,RedSquare_2.jpg,GreenSquare_3.jpg,BrownCup_2.jpg
37,RJDNW,BLACK,RJDNW,CROSS,SQUARE,match,0,2,BrownSquare_2.jpg,BlackSquare_2.jpg,GreenSquare_1.jpg,RedSquare_2.jpg
38,QXSW,BLUE,MTPV,BOAT,SQUARE,mismatch,3,0,BlackCup_2.jpg,BlackBow_1.jpg,BrownDisc_2.jpg,PinkBag_1.jpg
39,WVCNZ,BROWN,ZBXLV,HOUSE,SQUARE,mismatch,1,0,GreenFork_2.jpg,BrownBow_1.jpg,GreenBow_2.jpg,BrownFlag_1.jpg
40,QXSW,BLUE,MTPV,BOAT,BELL,match,0,1,BlueBell_1.jpg,BlueBell_3.jpg,PinkBell_1.jpg,RedBoat_2.jpg
41,MTPV,PINK,QXSW,LAMP,BELL,match,0,2,BlueBell_3.jpg,PinkBell_1.jpg,PinkBell_2.jpg,BlackBell_3.jpg
42,WVCNZ,GREEN,WVCNZ,PLANE,BELL,mismatch,2,0,BrownFork_1.jpg,RedBell_3.jpg,BlueHeart_3.jpg,BlueLock_1.jpg
43,XKQ,RED,XKQ,CUP,BELL,mismatch,1,0,GreenStar_2.jpg,RedTree_2.jpg,GreenSquare_1.jpg,PinkLock_3.jpg
44,MTPV,BLUE,MTPV,LAMP,BOAT,match,0,1,PinkBoat_3.jpg,BlueBoat_2.jpg,PinkBoat_1.jpg,GreenLamp_3.jpg
45,WVCNZ,BROWN,ZBXLV,HOUSE,BOAT,match,0,2,BlueBoat_2.jpg,BrownBoat_2.jpg,BlueBoat_1.jpg,GreenBoat_3.jpg
46,RJDNW,BLACK,WVCNZ,PLANE,BOAT,mismatch,2,0,BlackLeaf_2.jpg,BlackBoat_3.jpg,BluePlane_1.jpg,PinkKey_2.jpg
47,XKQ,RED,XKQ,CUP,BOAT,mismatch,3,0,RedCar_1.jpg,RedShoe_3.jpg,BlackKey_3.jpg,BrownBow_1.jpg
48,ZBXLV,GREEN,WVCNZ,HOUSE,BOW,match,0,1,PinkBow_1.jpg,GreenBow_3.jpg,BlueBow_1.jpg,GreenHouse_3.jpg
49,QXSW,BLUE,MTPV,LAMP,BOW,match,0,2,BrownBow_1.jpg,BlueBow_3.jpg,PinkBow_1.jpg,RedBow_2.jpg
50,WVCNZ,BLACK,ZBXLV,PLANE,BOW,mismatch,1,0,GreenBone_2.jpg,BlackCup_2.jpg,PinkLock_2.jpg,BlueLock_2.jpg
51,MTPV,PINK,QXSW,BOAT,BOW,mismatch,3,0,BrownFlag_3.jpg,RedLeaf_3.jpg,PinkLock_1.jpg,GreenNote_1.jpg
52,QXSW,BLUE,QXSW,BOAT,CAR,match,0,1,BlueCar_3.jpg,BlueCar_3.jpg,BlackCar_3.jpg,GreenBoat_1.jpg
53,ZBXLV,BLACK,RJDNW,HOUSE,CAR,match,0,2,RedCar_1.jpg,BlackCar_2.jpg,BlueCar_1.jpg,GreenCar_2.jpg
54,WVCNZ,BROWN,ZBXLV,PLANE,CAR,mismatch,3,0,BrownCane_2.jpg,RedLamp_3.jpg,BlackNote_3.jpg,BlackHouse_1.jpg
55,XKQ,RED,XKQ,CUP,CAR,mismatch,3,0,BlueNote_1.jpg,PinkKey_1.jpg,BlueBow_1.jpg,BlackBell_3.jpg
56,MTPV,PINK,QXSW,BOAT,CROSS,match,0,1,PinkCross_1.jpg,PinkCross_3.jpg,BlackCross_1.jpg,BrownBoat_1.jpg
57,XKQ,RED,XKQ,CUP,CROSS,match,0,2,BlueCross_1.jpg,RedCross_2.jpg,PinkCross_3.jpg,BlueCross_1.jpg
58,ZBXLV,BLACK,RJDNW,PLANE,CROSS,mismatch,2,0,PinkBow_2.jpg,GreenCross_1.jpg,BrownCar_1.jpg,BlackDisc_1.jpg
59,QXSW,BLUE,MTPV,LAMP,CROSS,mismatch,3,0,BlueFork_2.jpg,GreenBone_2.jpg,BrownStar_2.jpg,BlueLock_3.jpg
60,MTPV,BLUE,QXSW,BOAT,CUP,match,0,1,GreenCup_3.jpg,BlueCup_3.jpg,BlueCup_1.jpg,GreenBoat_3.jpg
61,QXSW,PINK,MTPV,LAMP,CUP,match,0,2,BrownCup_2.jpg,PinkCup_2.jpg,BlackCup_1.jpg,BlackCup_2.jpg
62,WVCNZ,GREEN,ZBXLV,CROSS,CUP,mismatch,3,0,BlackLock_2.jpg,BlueBone_2.jpg,PinkDisc_2.jpg,GreenShoe_3.jpg
63,RJDNW,BROWN,RJDNW,PLANE,CUP,mismatch,1,0,RedKey_1.jpg,BrownHand_2.jpg,PinkBoat_1.jpg,PinkBow_1.jpg
64,RJDNW,BLACK,WVCNZ,HOUSE,FLAG,match,0,1,BlueFlag_3.jpg,BlackFlag_1.jpg,RedFlag_2.jpg,BlackHouse_2.jpg
65,XKQ,RED,XKQ,CUP,FLAG,match,0,2,BrownFlag_3.jpg,RedFlag_3.jpg,GreenFlag_2.jpg,GreenFlag_2.jpg
66,WVCNZ,GREEN,ZBXLV,CROSS,FLAG,mismatch,3,0,GreenFork_1.jpg,BrownBow_3.jpg,PinkLock_1.jpg,PinkStar_3.jpg
67,QXSW,PINK,MTPV,BOAT,FLAG,mismatch,2,0,BrownLamp_2.jpg,PinkFlag_1.jpg,BlueBone_1.jpg,PinkShoe_1.jpg
68,RJDNW,BLACK,RJDNW,HOUSE,FORK,match,0,1,PinkFork_3.jpg,BlackFork_2.jpg,BrownFork_3.jpg,BlackHouse_1.jpg
69,MTPV,PINK,MTPV,BOAT,FORK,match,0,2,RedFork_3.jpg,PinkFork_2.jpg,PinkFork_2.jpg,BlueFork_2.jpg
70,ZBXLV,GREEN,ZBXLV,CROSS,FORK,mismatch,2,0,RedHeart_3.jpg,BlackFork_2.jpg,BrownBell_3.jpg,BlueLeaf_3.jpg
71,QXSW,BLUE,QXSW,LAMP,FORK,mismatch,2,0,RedLock_3.jpg,BrownFork_1.jpg,BlackBow_1.jpg,BlackBell_1.jpg
72,MTPV,BLUE,QXSW,LAMP,HEART,match,0,1,PinkHeart_3.jpg,BlueHeart_1.jpg,BlackHeart_2.jpg,BlueLamp_3.jpg
73,XKQ,RED,XKQ,CUP,HEART,match,0,2,GreenHeart_2.jpg,RedHeart_2.jpg,BlueHeart_1.jpg,GreenHeart_1.jpg
74,QXSW,PINK,MTPV,BOAT,HEART,mismatch,2,0,BrownPlane_2.jpg,BrownHeart_2.jpg,RedTree_2.jpg,GreenFlag_2.jpg
75,RJDNW,BROWN,WVCNZ,PLANE,HEART,mismatch,3,0,BlueCup_1.jpg,BrownBow_1.jpg,GreenLock_2.jpg,BlackNote_2.jpg
76,XKQ,RED,XKQ,CUP,LAMP,match,0,1,BlackLamp_1.jpg,RedLamp_1.jpg,BlueLamp_1.jpg,RedCup_3.jpg
77,RJDNW,GREEN,RJDNW,PLANE,LAMP,match,0,2,BrownLamp_1.jpg,GreenLamp_2.jpg,RedLamp_1.jpg,GreenLamp_2.jpg
78,WVCNZ,BROWN,ZBXLV,HOUSE,LAMP,mismatch,1,0,BlackLeaf_1.jpg,BrownNote_2.jpg,PinkBell_2.jpg,BluePlane_3.jpg
79,ZBXLV,BLACK,WVCNZ,CROSS,LAMP,mismatch,2,0,GreenNote_3.jpg,RedLamp_1.jpg,BlackKey_2.jpg,BlueStar_3.jpg
80,XKQ,RED,XKQ,CUP,LEAF,match,0,1,RedLeaf_3.jpg,RedLeaf_1.jpg,GreenLeaf_3.jpg,RedCup_2.jpg
81,QXSW,PINK,QXSW,LAMP,LEAF,match,0,2,GreenLeaf_3.jpg,PinkLeaf_2.jpg,RedLeaf_3.jpg,RedLeaf_1.jpg
82,WVCNZ,GREEN,ZBXLV,CROSS,LEAF,mismatch,1,0,PinkDisc_2.jpg,GreenStar_3.jpg,BlueLamp_1.jpg,BrownCup_3.jpg
83,ZBXLV,BLACK,WVCNZ,PLANE,LEAF,mismatch,1,0,BlackLock_2.jpg,BlackStar_1.jpg,BlackHeart_3.jpg,BrownTree_2.jpg
84,XKQ,RED,XKQ,CUP,NOTE,match,0,1,BrownNote_1.jpg,RedNote_1.jpg,BrownNote_1.jpg,PinkCup_1.jpg
85,WVCNZ,BLACK,ZBXLV,CROSS,NOTE,match,0,2,BlueNote_1.jpg,BlackNote_3.jpg,RedNote_3.jpg,GreenNote_1.jpg
86,RJDNW,GREEN,RJDNW,HOUSE,NOTE,mismatch,2,0,BrownStar_1.jpg,BrownNote_2.jpg,BlueBag_2.jpg,BlueDisc_1.jpg
87,MTPV,BLUE,MTPV,LAMP,NOTE,mismatch,1,0,GreenCar_2.jpg,BluePlane_2.jpg,BlackFlag_2.jpg,BrownSquare_3.jpg
88,MTPV,BLUE,MTPV,LAMP,STAR,match,0,1,BlackStar_3.jpg,BlueStar_1.jpg,BlueStar_2.jpg,PinkLamp_2.jpg
89,RJDNW,BROWN,RJDNW,PLANE,STAR,match,0,2,GreenStar_3.jpg,BrownStar_3.jpg,PinkStar_2.jpg,GreenStar_1.jpg
90,WVCNZ,GREEN,ZBXLV,HOUSE,STAR,mismatch,2,0,BlackSquare_1.jpg,PinkStar_3.jpg,PinkKey_3.jpg,GreenBow_1.jpg
91,ZBXLV,BLACK,WVCNZ,CROSS,STAR,mismatch,1,0,BlackLamp_3.jpg,BlackBow_1.jpg,GreenDisc_3.jpg,PinkBow_2.jpg
92,MTPV,PINK,QXSW,LAMP,TREE,match,0,1,BlueTree_3.jpg,PinkTree_1.jpg,BrownTree_1.jpg,PinkLamp_3.jpg
93,RJDNW,GREEN,WVCNZ,PLANE,TREE,match,0,2,PinkTree_2.jpg,GreenTree_1.jpg,PinkTree_1.jpg,BlackTree_2.jpg
94,XKQ,RED,XKQ,CUP,TREE,mismatch,2,0,RedLamp_3.jpg,RedTree_1.jpg,PinkBell_1.jpg,RedFlag_3.jpg
95,WVCNZ,BLACK,RJDNW,CROSS,TREE,mismatch,1,0,BlueBone_3.jpg,BlackDisc_1.jpg,BlueHouse_3.jpg,PinkLamp_2.jpg
96,XKQ,RED,XKQ,CUP,HOUSE,match,0,1,BlackHouse_1.jpg,RedHouse_1.jpg,BlackHouse_3.jpg,RedCup_1.jpg
97,QXSW,BLUE,MTPV,BOAT,HOUSE,match,0,2,BlueHouse_3.jpg,BlueHouse_2.jpg,BlueHouse_2.jpg,BlueHouse_1.jpg
98,WVCNZ,BROWN,RJDNW,PLANE,HOUSE,mismatch,1,0,BlackBag_2.jpg,BrownTree_1.jpg,GreenBow_3.jpg,BlackFork_2.jpg
99,MTPV,PINK,QXSW,LAMP,HOUSE,mismatch,3,0,BlackDisc_1.jpg,RedHeart_2.jpg,BlueHeart_2.jpg,BlueSquare_1.jpg
