,Consonant_COMP,Modifier_COMP,Consonant_LIST,Modifier_LIST,Head,Match,Mismatch_Type,List_Match,Image_COMP_1W,Image_COMP_2W,Image_LIST_1W,Image_LIST_2W
0,WVCNZ,BLACK,ZBXLV,PLANE,DISC,match,0,1,RedDisc_3.jpg,BlackDisc_3.jpg,GreenDisc_3.jpg,BluePlane_3.jpg
1,MTPV,PINK,QXSW,BOAT,DISC,match,0,2,PinkDisc_1.jpg,PinkDisc_2.jpg,GreenDisc_1.jpg,BlueDisc_2.jpg
2,RJDNW,GREEN,WVCNZ,CROSS,DISC,mismatch,3,0,BlueHouse_1.jpg,BrownKey_1.jpg,GreenLeaf_2.jpg,RedCar_1.jpg
3,QXSW,BLUE,MTPV,LAMP,DISC,mismatch,1,0,BrownFlag_3.jpg,BlueCross_1.jpg,BlackBell_3.jpg,BrownHouse_2.jpg
4,XKQ,RED,XKQ,CUP,PLANE,match,0,1,BluePlane_3.jpg,RedPlane_3.jpg,BlackPlane_2.jpg,RedCup_2.jpg
5,WVCNZ,BLACK,RJDNW,HOUSE,PLANE,match,0,2,RedPlane_1.jpg,BlackPlane_3.jpg,BrownPlane_2.jpg,RedPlane_1.jpg
6,ZBXLV,GREEN,WVCNZ,CROSS,PLANE,mismatch,2,0,PinkNote_1.jpg,BluePlane_3.jpg,GreenDisc_3.jpg,RedBoat_3.jpg
7,QXSW,BLUE,QXSW,LAMP,PLANE,mismatch,2,0,RedLamp_3.jpg,BluePlane_1.jpg,GreenBone_1.jpg,BlackLeaf_1.jpg
8,RJDNW,GREEN,WVCNZ,CROSS,BAG,match,0,1,GreenBag_1.jpg,GreenBag_2.jpg,BlackBag_1.jpg,GreenCross_3.jpg
9,QXSW,PINK,QXSW,LAMP,BAG,match,0,2,BlueBag_3.jpg,PinkBag_2.jpg,GreenBag_2.jpg,RedBag_3.jpg
10,WVCNZ,BLACK,ZBXLV,PLANE,BAG,mismatch,2,0,RedCar_2.jpg,PinkBag_1.jpg,GreenShoe_2.jpg,BlackLock_3.jpg
11,MTPV,BLUE,MTPV,BOAT,BAG,mismatch,3,0,BrownBone_2.jpg,BrownBow_1.jpg,BlueLeaf_3.jpg,RedNote_3.jpg
12,WVCNZ,BLACK,WVCNZ,HOUSE,LOCK,match,0,1,PinkLock_2.jpg,BlackLock_1.jpg,RedLock_2.jpg,BrownHouse_3.jpg
13,ZBXLV,GREEN,RJDNW,CROSS,LOCK,match,0,2,GreenLock_2.jpg,GreenLock_1.jpg,BlueLock_3.jpg,BrownLock_1.jpg
14,MTPV,BLUE,MTPV,BOAT,LOCK,mismatch,2,0,BrownTree_3.jpg,BrownLock_3.jpg,GreenLeaf_2.jpg,BlueKey_2.jpg
15,XKQ,RED,XKQ,CUP,LOCK,mismatch,3,0,GreenHouse_1.jpg,BlackBow_2.jpg,BlueCup_1.jpg,PinkCar_3.jpg
16,RJDNW,GREEN,ZBXLV,CROSS,CANE,match,0,1,BlackCane_2.jpg,GreenCane_2.jpg,RedCane_1.jpg,GreenCross_2.jpg
17,WVCNZ,BLACK,WVCNZ,PLANE,CANE,match,0,2,GreenCane_2.jpg,BlackCane_2.jpg,GreenCane_3.jpg,BrownCane_3.jpg
18,ZBXLV,BROWN,RJDNW,HOUSE,CANE,mismatch,3,0,BlueBoat_3.jpg,BlueBag_3.jpg,RedFlag_3.jpg,BlackBag_3.jpg
19,QXSW,BLUE,MTPV,LAMP,CANE,mismatch,2,0,BrownHand_1.jpg,RedCane_2.jpg,PinkBow_2.jpg,PinkBoat_3.jpg
20,MTPV,BLUE,QXSW,LAMP,HAND,match,0,1,PinkHand_2.jpg,BlueHand_2.jpg,BlackHand_2.jpg,BlackLamp_2.jpg
21,ZBXLV,BROWN,WVCNZ,CROSS,HAND,match,0,2,BlackHand_3.jpg,BrownHand_2.jpg,BlueHand_3.jpg,PinkHand_1.jpg
22,XKQ,RED,XKQ,CUP,HAND,mismatch,2,0,PinkCross_2.jpg,BlackHand_1.jpg,BlueHeart_3.jpg,PinkPlane_3.jpg
23,QXSW,PINK,MTPV,BOAT,HAND,mismatch,3,0,BrownBell_1.jpg,BlueDisc_2.jpg,RedKey_1.jpg,BlackFork_2.jpg
24,XKQ,RED,XKQ,CUP,KEY,match,0,1,GreenKey_1.jpg,RedKey_1.jpg,BrownKey_1.jpg,BlackCup_3.jpg
25,ZBXLV,BROWN,RJDNW,PLANE,KEY,match,0,2,BlackKey_2.jpg,BrownKey_3.jpg,BlueKey_2.jpg,GreenKey_2.jpg
26,MTPV,BLUE,MTPV,LAMP,KEY,mismatch,3,0,RedNote_1.jpg,RedLock_2.jpg,BrownPlane_2.jpg,BlackStar_1.jpg
27,WVCNZ,GREEN,ZBXLV,CROSS,KEY,mismatch,2,0,PinkNote_3.jpg,BlackKey_1.jpg,PinkSquare_2.jpg,RedLeaf_2.jpg
28,ZBXLV,BROWN,ZBXLV,CROSS,SHOE,match,0,1,BlueShoe_3.jpg,BrownShoe_1.jpg,RedShoe_2.jpg,RedCross_1.jpg
29,MTPV,PINK,QXSW,LAMP,SHOE,match,0,2,RedShoe_3.jpg,PinkShoe_1.jpg,GreenShoe_3.jpg,BlueShoe_3.jpg
30,QXSW,BLUE,MTPV,BOAT,SHOE,mismatch,3,0,GreenHouse_1.jpg,PinkTree_3.jpg,BlueFork_3.jpg,BlueFlag_3.jpg
31,WVCNZ,BLACK,RJDNW,PLANE,SHOE,mismatch,3,0,BlueHand_3.jpg,BrownLeaf_1.jpg,GreenStar_3.jpg,BlackCross_3.jpg
32,WVCNZ,BLACK,WVCNZ,PLANE,BONE,match,0,1,RedBone_1.jpg,BlackBone_2.jpg,BlueBone_1.jpg,PinkPlane_3.jpg
33,MTPV,PINK,QXSW,LAMP,BONE,match,0,2,BrownBone_3.jpg,PinkBone_3.jpg,GreenBone_1.jpg,GreenBone_1.jpg
34,QXSW,BLUE,MTPV,BOAT,BONE,mismatch,3,0,BlueCane_3.jpg,GreenHouse_2.jpg,PinkLeaf_2.jpg,PinkHand_3.jpg
35,RJDNW,BROWN,ZBXLV,CROSS,BONE,mismatch,1,0,BlackCane_1.jpg,BrownCup_2.jpg,PinkBag_1.jpg,BlackStar_2.jpg
36,MTPV,BLUE,QXSW,LAMP,SQUARE,match,0,1,GreenSquare_1.jpg,BlueSquare_2.jpg,PinkSquare_1.jpg,BlackLamp_1.jpg
37,XKQ,RED,XKQ,CUP,SQUARE,match,0,2,GreenSquare_1.jpg,RedSquare_3.jpg,GreenSquare_1.jpg,BlackSquare_3.jpg
38,RJDNW,GREEN,ZBXLV,PLANE,SQUARE,mismatch,1,0,GreenFlag_2.jpg,GreenCup_1.jpg,RedTree_3.jpg,RedNote_2.jpg
39,QXSW,PINK,MTPV,BOAT,SQUARE,mismatch,2,0,BrownDisc_2.jpg,BlackSquare_1.jpg,BlackNote_3.jpg,BlueLamp_3.jpg
40,MTPV,BLUE,MTPV,BOAT,BELL,match,0,1,GreenBell_3.jpg,BlueBell_1.jpg,PinkBell_1.jpg,BlackBoat_2.jpg
41,QXSW,PINK,QXSW,LAMP,BELL,match,0,2,GreenBell_1.jpg,PinkBell_3.jpg,GreenBell_2.jpg,BrownBell_3.jpg
42,XKQ,RED,XKQ,CUP,BELL,mismatch,1,0,RedPlane_1.jpg,RedLamp_2.jpg,GreenTree_2.jpg,BrownSquare_3.jpg
43,ZBXLV,BLACK,ZBXLV,HOUSE,BELL,mismatch,3,0,BrownFlag_2.jpg,BrownSquare_1.jpg,GreenFork_3.jpg,GreenCar_3.jpg
44,WVCNZ,GREEN,ZBXLV,CROSS,BOAT,match,0,1,GreenBoat_3.jpg,GreenBoat_2.jpg,RedBoat_1.jpg,BlackCross_2.jpg
45,ZBXLV,BROWN,RJDNW,PLANE,BOAT,match,0,2,BlackBoat_3.jpg,BrownBoat_3.jpg,BrownBoat_1.jpg,GreenBoat_3.jpg
46,RJDNW,BLACK,WVCNZ,HOUSE,BOAT,mismatch,3,0,GreenTree_1.jpg,GreenHeart_3.jpg,GreenCane_3.jpg,PinkTree_3.jpg
47,XKQ,RED,XKQ,CUP,BOAT,mismatch,3,0,RedDisc_2.jpg,BlackHeart_2.jpg,PinkLock_2.jpg,PinkFork_2.jpg
48,RJDNW,BLACK,ZBXLV,PLANE,BOW,match,0,1,BlackBow_2.jpg,BlackBow_1.jpg,BrownBow_1.jpg,BrownPlane_3.jpg
49,MTPV,BLUE,QXSW,LAMP,BOW,match,0,2,BlackBow_1.jpg,BlueBow_3.jpg,BlackBow_2.jpg,RedBow_1.jpg
50,ZBXLV,GREEN,WVCNZ,HOUSE,BOW,mismatch,1,0,GreenCross_1.jpg,GreenHeart_1.jpg,BlackBoat_1.jpg,BlueCar_3.jpg
51,QXSW,PINK,MTPV,BOAT,BOW,mismatch,3,0,PinkLock_2.jpg,PinkCane_2.jpg,BrownDisc_3.jpg,RedBell_3.jpg
52,XKQ,RED,XKQ,CUP,CAR,match,0,1,RedCar_3.jpg,RedCar_1.jpg,PinkCar_3.jpg,BrownCup_3.jpg
53,RJDNW,BLACK,WVCNZ,CROSS,CAR,match,0,2,BrownCar_1.jpg,BlackCar_3.jpg,BlackCar_3.jpg,BlackCar_1.jpg
54,MTPV,BLUE,MTPV,LAMP,CAR,mismatch,1,0,BlackLock_2.jpg,BlueFlag_3.jpg,RedCross_1.jpg,PinkHand_1.jpg
55,QXSW,PINK,QXSW,BOAT,CAR,mismatch,1,0,BlackLamp_1.jpg,PinkBow_2.jpg,BlueBone_2.jpg,GreenTree_1.jpg
56,RJDNW,BROWN,RJDNW,HOUSE,CROSS,match,0,1,PinkCross_1.jpg,BrownCross_3.jpg,BlueCross_2.jpg,BlueHouse_2.jpg
57,ZBXLV,BLACK,WVCNZ,PLANE,CROSS,match,0,2,BlueCross_3.jpg,BlackCross_2.jpg,GreenCross_3.jpg,BrownCross_2.jpg
58,XKQ,RED,XKQ,CUP,CROSS,mismatch,2,0,PinkLamp_2.jpg,BrownCross_1.jpg,BlueSquare_3.jpg,GreenBag_1.jpg
59,MTPV,BLUE,MTPV,LAMP,CROSS,mismatch,3,0,BlackBag_3.jpg,BlueNote_2.jpg,BrownLamp_1.jpg,PinkBag_1.jpg
60,WVCNZ,BLACK,WVCNZ,PLANE,CUP,match,0,1,BlackCup_1.jpg,BlackCup_2.jpg,BlackCup_1.jpg,RedPlane_1.jpg
61,RJDNW,BROWN,RJDNW,CROSS,CUP,match,0,2,PinkCup_3.jpg,BrownCup_3.jpg,PinkCup_2.jpg,PinkCup_3.jpg
62,ZBXLV,GREEN,ZBXLV,HOUSE,CUP,mismatch,1,0,GreenFork_2.jpg,GreenHeart_2.jpg,BlueHand_3.jpg,BrownLamp_3.jpg
63,MTPV,BLUE,QXSW,LAMP,CUP,mismatch,1,0,BrownBow_1.jpg,BlueSquare_3.jpg,GreenFlag_2.jpg,GreenHand_3.jpg
64,QXSW,PINK,QXSW,LAMP,FLAG,match,0,1,GreenFlag_1.jpg,PinkFlag_2.jpg,RedFlag_2.jpg,BlueLamp_2.jpg
65,RJDNW,GREEN,RJDNW,HOUSE,FLAG,match,0,2,BrownFlag_1.jpg,GreenFlag_3.jpg,PinkFlag_2.jpg,PinkFlag_1.jpg
66,WVCNZ,BROWN,ZBXLV,PLANE,FLAG,mismatch,2,0,BlueCup_1.jpg,PinkFlag_1.jpg,RedCross_3.jpg,BrownBow_2.jpg
67,XKQ,RED,XKQ,CUP,FLAG,mismatch,2,0,BlackStar_2.jpg,RedFlag_1.jpg,BlueSquare_3.jpg,GreenPlane_3.jpg
68,WVCNZ,BLACK,RJDNW,PLANE,FORK,match,0,1,RedFork_2.jpg,BlackFork_3.jpg,BlackFork_2.jpg,BrownPlane_1.jpg
69,RJDNW,GREEN,WVCNZ,HOUSE,FORK,match,0,2,PinkFork_3.jpg,GreenFork_1.jpg,BlueFork_1.jpg,RedFork_1.jpg
70,XKQ,RED,XKQ,CUP,FORK,mismatch,1,0,BlackTree_1.jpg,RedHand_2.jpg,BlueCup_1.jpg,BlackBag_1.jpg
71,QXSW,BLUE,QXSW,LAMP,FORK,mismatch,1,0,GreenCane_3.jpg,BlueStar_3.jpg,BlueBone_1.jpg,PinkDisc_1.jpg
72,WVCNZ,BLACK,RJDNW,CROSS,HEART,match,0,1,GreenHeart_1.jpg,BlackHeart_1.jpg,BlackHeart_3.jpg,BrownCross_2.jpg
73,QXSW,PINK,QXSW,LAMP,HEART,match,0,2,RedHeart_2.jpg,PinkHeart_2.jpg,BlackHeart_2.jpg,BlackHeart_2.jpg
74,XKQ,RED,XKQ,CUP,HEART,mismatch,2,0,GreenLock_2.jpg,BlueHeart_2.jpg,GreenBow_3.jpg,BrownStar_3.jpg
75,ZBXLV,GREEN,WVCNZ,HOUSE,HEART,mismatch,2,0,BlueSquare_2.jpg,BrownHeart_1.jpg,BlueKey_2.jpg,BluePlane_2.jpg
76,QXSW,PINK,QXSW,BOAT,LAMP,match,0,1,BlueLamp_3.jpg,PinkLamp_3.jpg,BlackLamp_2.jpg,BrownBoat_1.jpg
77,ZBXLV,BLACK,WVCNZ,PLANE,LAMP,match,0,2,PinkLamp_3.jpg,BlackLamp_1.jpg,BrownLamp_2.jpg,RedLamp_1.jpg
78,RJDNW,BROWN,ZBXLV,CROSS,LAMP,mismatch,2,0,BlueLeaf_2.jpg,BlueLamp_1.jpg,PinkTree_2.jpg,BrownBell_3.jpg
79,WVCNZ,GREEN,RJDNW,HOUSE,LAMP,mismatch,1,0,BlackHouse_1.jpg,GreenBone_2.jpg,RedBow_3.jpg,BlueCar_3.jpg
80,WVCNZ,BLACK,RJDNW,PLANE,LEAF,match,0,1,BlueLeaf_3.jpg,BlackLeaf_2.jpg,PinkLeaf_3.jpg,BlackPlane_1.jpg
81,RJDNW,GREEN,ZBXLV,HOUSE,LEAF,match,0,2,BrownLeaf_3.jpg,GreenLeaf_2.jpg,BlueLeaf_1.jpg,BrownLeaf_3.jpg
82,MTPV,PINK,QXSW,BOAT,LEAF,mismatch,3,0,RedCross_3.jpg,BlueLamp_1.jpg,GreenSquare_3.jpg,GreenCar_3.jpg
83,XKQ,RED,XKQ,CUP,LEAF,mismatch,1,0,BlueTree_1.jpg,RedBone_2.jpg,BlackBell_1.jpg,RedCane_3.jpg
84,ZBXLV,GREEN,ZBXLV,PLANE,NOTE,match,0,1,GreenNote_3.jpg,GreenNote_3.jpg,GreenNote_2.jpg,BlackPlane_1.jpg
85,WVCNZ,BLACK,RJDNW,CROSS,NOTE,match,0,2,RedNote_1.jpg,BlackNote_1.jpg,BlueNote_3.jpg,BlackNote_1.jpg
86,MTPV,BLUE,MTPV,LAMP,NOTE,mismatch,1,0,GreenDisc_1.jpg,BlueTree_2.jpg,PinkTree_2.jpg,BrownStar_2.jpg
87,QXSW,PINK,QXSW,BOAT,NOTE,mismatch,2,0,BlueHouse_2.jpg,GreenNote_1.jpg,GreenStar_1.jpg,BrownDisc_1.jpg
88,QXSW,PINK,MTPV,LAMP,STAR,match,0,1,BrownStar_1.jpg,PinkStar_2.jpg,PinkStar_3.jpg,BlueLamp_1.jpg
89,WVCNZ,BLACK,ZBXLV,PLANE,STAR,match,0,2,PinkStar_2.jpg,BlackStar_3.jpg,BlackStar_3.jpg,BrownStar_1.jpg
90,XKQ,RED,XKQ,CUP,STAR,mismatch,3,0,BlackBoat_2.jpg,PinkHand_1.jpg,RedCross_1.jpg,PinkLamp_1.jpg
91,RJDNW,BROWN,RJDNW,CROSS,STAR,mismatch,1,0,BlueKey_3.jpg,BrownKey_3.jpg,PinkCane_1.jpg,BlackNote_2.jpg
92,ZBXLV,GREEN,ZBXLV,PLANE,TREE,match,0,1,GreenTree_1.jpg,GreenTree_2.jpg,RedTree_1.jpg,RedPlane_3.jpg
93,QXSW,BLUE,QXSW,BOAT,TREE,match,0,2,PinkTree_2.jpg,BlueTree_1.jpg,BlueTree_3.jpg,RedTree_3.jpg
94,WVCNZ,BROWN,RJDNW,HOUSE,TREE,mismatch,3,0,BrownCar_1.jpg,RedStar_1.jpg,BlackHand_1.jpg,PinkFork_1.jpg
95,MTPV,PINK,MTPV,LAMP,TREE,mismatch,1,0,BlueBell_2.jpg,PinkLamp_2.jpg,BlackCross_3.jpg,GreenBell_1.jpg
96,WVCNZ,GREEN,WVCNZ,PLANE,HOUSE,match,0,1,PinkHouse_3.jpg,GreenHouse_1.jpg,BlackHouse_1.jpg,BrownPlane_2.jpg
97,MTPV,BLUE,QXSW,LAMP,HOUSE,match,0,2,BrownHouse_1.jpg,BlueHouse_1.jpg,PinkHouse_2.jpg,PinkHouse_1.jpg
98,QXSW,PINK,MTPV,BOAT,HOUSE,mismatch,3,0,BlackHand_3.jpg,GreenStar_3.jpg,BlackBow_2.jpg,BlackStar_3.jpg
99,RJDNW,BLACK,ZBXLV,CROSS,HOUSE,mismatch,2,0,RedBone_1.jpg,RedHouse_2.jpg,BrownBone_3.jpg,RedCup_1.jpg
