,Consonant_COMP,Modifier_COMP,Consonant_LIST,Modifier_LIST,Head,Match,Mismatch_Type,List_Match,Image_COMP_1W,Image_COMP_2W,Image_LIST_1W,Image_LIST_2W
0,XKQ,RED,XKQ,CUP,DISC,match,0,1,BlackDisc_3.jpg,RedDisc_1.jpg,BlueDisc_1.jpg,RedCup_1.jpg
1,MTPV,BLUE,QXSW,LAMP,DISC,match,0,2,RedDisc_2.jpg,BlueDisc_1.jpg,PinkDisc_2.jpg,BlackDisc_3.jpg
2,ZBXLV,BROWN,RJDNW,HOUSE,DISC,mismatch,1,0,BrownBag_2.jpg,BrownFlag_1.jpg,RedBoat_3.jpg,BlueCross_3.jpg
3,RJDNW,BLACK,WVCNZ,PLANE,DISC,mismatch,3,0,BlackFork_1.jpg,PinkHeart_3.jpg,BlueBow_1.jpg,GreenBoat_1.jpg
4,MTPV,BLUE,QXSW,LAMP,PLANE,match,0,1,RedPlane_1.jpg,BluePlane_1.jpg,PinkPlane_2.jpg,BlackLamp_2.jpg
5,XKQ,RED,XKQ,CUP,PLANE,match,0,2,PinkPlane_3.jpg,RedPlane_1.jpg,PinkPlane_2.jpg,PinkPlane_2.jpg
6,WVCNZ,BROWN,RJDNW,CROSS,PLANE,mismatch,3,0,GreenBone_2.jpg,BrownBow_2.jpg,GreenSquare_3.jpg,PinkBow_1.jpg
7,ZBXLV,GREEN,ZBXLV,HOUSE,PLANE,mismatch,3,0,BrownCar_3.jpg,PinkLamp_2.jpg,BrownBow_1.jpg,BrownCross_2.jpg
8,XKQ,RED,XKQ,CUP,BAG,match,0,1,RedBag_1.jpg,RedBag_3.jpg,BlackBag_1.jpg,BrownCup_3.jpg
9,WVCNZ,BROWN,RJDNW,PLANE,BAG,match,0,2,BrownBag_1.jpg,BrownBag_2.jpg,PinkBag_3.jpg,PinkBag_3.jpg
10,MTPV,BLUE,QXSW,BOAT,BAG,mismatch,2,0,BlueCar_1.jpg,GreenBag_3.jpg,PinkFork_3.jpg,GreenFork_2.jpg
11,QXSW,PINK,MTPV,LAMP,BAG,mismatch,2,0,BlackHeart_2.jpg,BlackBag_2.jpg,BrownBow_3.jpg,RedHand_3.jpg
12,XKQ,RED,XKQ,CUP,LOCK,match,0,1,RedLock_2.jpg,RedLock_2.jpg,BrownLock_1.jpg,RedCup_3.jpg
13,WVCNZ,GREEN,RJDNW,CROSS,LOCK,match,0,2,BrownLock_1.jpg,GreenLock_1.jpg,GreenLock_3.jpg,PinkLock_2.jpg
14,ZBXLV,BLACK,WVCNZ,PLANE,LOCK,mismatch,3,0,BlackBell_1.jpg,BlueShoe_2.jpg,PinkHeart_1.jpg,GreenLeaf_2.jpg
15,RJDNW,BROWN,ZBXLV,HOUSE,LOCK,mismatch,1,0,RedHand_3.jpg,BrownCar_2.jpg,PinkBag_2.jpg,BlackBell_3.jpg
16,RJDNW,GREEN,WVCNZ,HOUSE,CANE,match,0,1,BlueCane_2.jpg,GreenCane_2.jpg,RedCane_2.jpg,BlackHouse_2.jpg
17,ZBXLV,BROWN,ZBXLV,CROSS,CANE,match,0,2,BlueCane_2.jpg,BrownCane_1.jpg,BrownCane_1.jpg,BrownCane_2.jpg
18,MTPV,PINK,QXSW,LAMP,CANE,mismatch,3,0,BrownSquare_3.jpg,GreenPlane_1.jpg,BlueSquare_3.jpg,BlackBow_2.jpg
19,QXSW,BLUE,MTPV,BOAT,CANE,mismatch,3,0,RedBag_3.jpg,BlackLamp_3.jpg,PinkCross_1.jpg,PinkDisc_2.jpg
20,MTPV,BLUE,MTPV,BOAT,HAND,match,0,1,BrownHand_1.jpg,BlueHand_2.jpg,PinkHand_1.jpg,PinkBoat_3.jpg
21,WVCNZ,BROWN,ZBXLV,PLANE,HAND,match,0,2,BlackHand_3.jpg,BrownHand_2.jpg,BlueHand_3.jpg,BrownHand_2.jpg
22,XKQ,RED,XKQ,CUP,HAND,mismatch,1,0,BlueHouse_3.jpg,RedNote_1.jpg,BlueFlag_1.jpg,GreenNote_1.jpg
23,ZBXLV,GREEN,RJDNW,CROSS,HAND,mismatch,1,0,RedKey_3.jpg,GreenCup_1.jpg,PinkLamp_2.jpg,BlueTree_1.jpg
24,RJDNW,GREEN,RJDNW,PLANE,KEY,match,0,1,RedKey_1.jpg,GreenKey_2.jpg,BlackKey_2.jpg,BluePlane_3.jpg
25,ZBXLV,BLACK,WVCNZ,HOUSE,KEY,match,0,2,BlackKey_1.jpg,BlackKey_2.jpg,PinkKey_1.jpg,BlueKey_1.jpg
26,XKQ,RED,XKQ,CUP,KEY,mismatch,1,0,BlackSquare_2.jpg,RedHand_3.jpg,PinkTree_2.jpg,BlackShoe_3.jpg
27,MTPV,BLUE,QXSW,BOAT,KEY,mismatch,3,0,BrownBone_3.jpg,PinkCross_1.jpg,BlackLamp_3.jpg,BlackDisc_1.jpg
28,MTPV,PINK,QXSW,LAMP,SHOE,match,0,1,BlueShoe_1.jpg,PinkShoe_2.jpg,GreenShoe_1.jpg,BlackLamp_2.jpg
29,ZBXLV,BROWN,WVCNZ,CROSS,SHOE,match,0,2,PinkShoe_3.jpg,BrownShoe_2.jpg,BrownShoe_1.jpg,BlackShoe_1.jpg
30,WVCNZ,GREEN,ZBXLV,PLANE,SHOE,mismatch,1,0,BlueHeart_1.jpg,GreenCar_1.jpg,BrownKey_1.jpg,RedCross_1.jpg
31,QXSW,BLUE,MTPV,BOAT,SHOE,mismatch,3,0,BlackBone_3.jpg,PinkSquare_1.jpg,PinkLamp_3.jpg,BlueHeart_3.jpg
32,MTPV,BLUE,MTPV,LAMP,BONE,match,0,1,RedBone_2.jpg,BlueBone_3.jpg,BrownBone_1.jpg,BlackLamp_2.jpg
33,ZBXLV,GREEN,RJDNW,HOUSE,BONE,match,0,2,BlueBone_2.jpg,GreenBone_1.jpg,BlackBone_1.jpg,BlackBone_1.jpg
34,XKQ,RED,XKQ,CUP,BONE,mismatch,2,0,BrownPlane_3.jpg,PinkBone_3.jpg,BlueCane_2.jpg,RedFlag_2.jpg
35,QXSW,PINK,QXSW,BOAT,BONE,mismatch,2,0,GreenHouse_1.jpg,BrownBone_2.jpg,BrownBoat_2.jpg,BrownFork_2.jpg
36,ZBXLV,GREEN,RJDNW,CROSS,SQUARE,match,0,1,BlueSquare_3.jpg,GreenSquare_3.jpg,BrownSquare_1.jpg,BlueCross_1.jpg
37,XKQ,RED,XKQ,CUP,SQUARE,match,0,2,PinkSquare_2.jpg,RedSquare_3.jpg,BlueSquare_3.jpg,GreenSquare_3.jpg
38,WVCNZ,BROWN,WVCNZ,HOUSE,SQUARE,mismatch,3,0,BluePlane_2.jpg,BrownLeaf_1.jpg,PinkBow_2.jpg,BrownFork_1.jpg
39,RJDNW,BLACK,ZBXLV,PLANE,SQUARE,mismatch,1,0,PinkHeart_1.jpg,BlackFork_2.jpg,BlackHeart_2.jpg,RedCar_1.jpg
40,WVCNZ,BROWN,RJDNW,PLANE,BELL,match,0,1,BrownBell_2.jpg,BrownBell_1.jpg,BrownBell_1.jpg,PinkPlane_2.jpg
41,ZBXLV,BLACK,ZBXLV,HOUSE,BELL,match,0,2,BrownBell_3.jpg,BlackBell_3.jpg,BlackBell_2.jpg,BlueBell_1.jpg
42,QXSW,BLUE,MTPV,BOAT,BELL,mismatch,2,0,RedTree_3.jpg,BrownBell_1.jpg,BrownKey_2.jpg,BlueCross_2.jpg
43,XKQ,RED,XKQ,CUP,BELL,mismatch,2,0,BrownHouse_2.jpg,GreenBell_2.jpg,GreenBoat_1.jpg,PinkFork_3.jpg
44,QXSW,PINK,QXSW,LAMP,BOAT,match,0,1,PinkBoat_1.jpg,PinkBoat_2.jpg,GreenBoat_2.jpg,BlueLamp_2.jpg
45,XKQ,RED,XKQ,CUP,BOAT,match,0,2,BrownBoat_3.jpg,RedBoat_2.jpg,PinkBoat_3.jpg,RedBoat_1.jpg
46,RJDNW,GREEN,ZBXLV,HOUSE,BOAT,mismatch,2,0,BlueFork_2.jpg,PinkBoat_1.jpg,GreenHand_1.jpg,BrownBow_2.jpg
47,ZBXLV,BROWN,WVCNZ,PLANE,BOAT,mismatch,2,0,GreenCross_3.jpg,GreenBoat_2.jpg,BlueHeart_3.jpg,BlackCup_1.jpg
48,XKQ,RED,XKQ,CUP,BOW,match,0,1,RedBow_1.jpg,RedBow_2.jpg,BrownBow_2.jpg,RedCup_1.jpg
49,QXSW,BLUE,QXSW,BOAT,BOW,match,0,2,BlackBow_3.jpg,BlueBow_2.jpg,BlackBow_1.jpg,BlueBow_1.jpg
50,RJDNW,GREEN,RJDNW,PLANE,BOW,mismatch,1,0,BlueKey_3.jpg,GreenHeart_1.jpg,BlackFork_1.jpg,BlackCross_3.jpg
51,WVCNZ,BLACK,WVCNZ,CROSS,BOW,mismatch,1,0,BlueBell_1.jpg,BlackBone_3.jpg,GreenLock_2.jpg,RedBell_2.jpg
52,RJDNW,GREEN,WVCNZ,CROSS,CAR,match,0,1,BrownCar_2.jpg,GreenCar_1.jpg,PinkCar_3.jpg,RedCross_1.jpg
53,ZBXLV,BROWN,ZBXLV,HOUSE,CAR,match,0,2,BrownCar_3.jpg,BrownCar_1.jpg,BlackCar_1.jpg,PinkCar_2.jpg
54,QXSW,BLUE,QXSW,LAMP,CAR,mismatch,1,0,RedBag_3.jpg,BlueBag_2.jpg,RedHand_1.jpg,BlueHeart_2.jpg
55,WVCNZ,BLACK,RJDNW,PLANE,CAR,mismatch,3,0,BlackBow_1.jpg,RedLamp_3.jpg,BlueLock_2.jpg,BlueCup_1.jpg
56,RJDNW,BROWN,RJDNW,HOUSE,CROSS,match,0,1,BlackCross_2.jpg,BrownCross_1.jpg,BlueCross_1.jpg,BrownHouse_2.jpg
57,QXSW,PINK,MTPV,BOAT,CROSS,match,0,2,BlueCross_3.jpg,PinkCross_1.jpg,PinkCross_2.jpg,PinkCross_2.jpg
58,MTPV,BLUE,QXSW,LAMP,CROSS,mismatch,2,0,BlackLamp_2.jpg,RedCross_3.jpg,PinkCane_1.jpg,BrownBow_2.jpg
59,XKQ,RED,XKQ,CUP,CROSS,mismatch,3,0,GreenPlane_1.jpg,BrownCup_3.jpg,PinkBoat_3.jpg,PinkHand_3.jpg
60,MTPV,BLUE,MTPV,LAMP,CUP,match,0,1,PinkCup_1.jpg,BlueCup_3.jpg,GreenCup_1.jpg,BlackLamp_2.jpg
61,ZBXLV,GREEN,WVCNZ,PLANE,CUP,match,0,2,BrownCup_1.jpg,GreenCup_3.jpg,RedCup_1.jpg,BlackCup_3.jpg
62,RJDNW,BROWN,ZBXLV,HOUSE,CUP,mismatch,1,0,BluePlane_3.jpg,BrownCross_3.jpg,PinkHouse_1.jpg,BrownFork_3.jpg
63,QXSW,PINK,QXSW,BOAT,CUP,mismatch,3,0,GreenDisc_2.jpg,PinkDisc_2.jpg,PinkFlag_1.jpg,BlackFlag_3.jpg
64,WVCNZ,BROWN,WVCNZ,PLANE,FLAG,match,0,1,BlueFlag_1.jpg,BrownFlag_1.jpg,BrownFlag_3.jpg,BrownPlane_2.jpg
65,MTPV,BLUE,MTPV,BOAT,FLAG,match,0,2,RedFlag_1.jpg,BlueFlag_2.jpg,BrownFlag_1.jpg,GreenFlag_1.jpg
66,QXSW,PINK,QXSW,LAMP,FLAG,mismatch,2,0,BlackCross_2.jpg,GreenFlag_1.jpg,BlackLamp_1.jpg,BlackHeart_2.jpg
67,XKQ,RED,XKQ,CUP,FLAG,mismatch,2,0,BrownLeaf_3.jpg,BlackFlag_1.jpg,PinkHand_3.jpg,PinkCar_2.jpg
68,XKQ,RED,XKQ,CUP,FORK,match,0,1,BrownFork_1.jpg,RedFork_3.jpg,BlackFork_2.jpg,BlueCup_2.jpg
69,RJDNW,BLACK,RJDNW,CROSS,FORK,match,0,2,BlackFork_2.jpg,BlackFork_1.jpg,BrownFork_3.jpg,GreenFork_2.jpg
70,QXSW,PINK,MTPV,BOAT,FORK,mismatch,3,0,PinkLamp_3.jpg,RedCar_3.jpg,PinkSquare_1.jpg,RedCross_3.jpg
71,WVCNZ,BROWN,WVCNZ,HOUSE,FORK,mismatch,1,0,RedStar_2.jpg,BrownSquare_1.jpg,BrownBell_1.jpg,GreenBoat_3.jpg
72,MTPV,BLUE,MTPV,LAMP,HEART,match,0,1,PinkHeart_1.jpg,BlueHeart_3.jpg,PinkHeart_3.jpg,BrownLamp_1.jpg
73,XKQ,RED,XKQ,CUP,HEART,match,0,2,BlackHeart_1.jpg,RedHeart_3.jpg,BlackHeart_2.jpg,GreenHeart_2.jpg
74,ZBXLV,BROWN,ZBXLV,PLANE,HEART,mismatch,2,0,BlueBow_3.jpg,PinkHeart_3.jpg,RedLock_1.jpg,PinkLamp_1.jpg
75,QXSW,PINK,QXSW,BOAT,HEART,mismatch,1,0,BlueCane_2.jpg,PinkPlane_3.jpg,BlueNote_1.jpg,BrownCar_1.jpg
76,XKQ,RED,XKQ,CUP,LAMP,match,0,1,RedLamp_1.jpg,RedLamp_1.jpg,BrownLamp_1.jpg,BlueCup_1.jpg
77,ZBXLV,BROWN,RJDNW,CROSS,LAMP,match,0,2,GreenLamp_2.jpg,BrownLamp_3.jpg,RedLamp_3.jpg,BrownLamp_1.jpg
78,MTPV,BLUE,MTPV,BOAT,LAMP,mismatch,3,0,RedSquare_2.jpg,RedBone_2.jpg,BlueHeart_2.jpg,GreenSquare_3.jpg
79,WVCNZ,BLACK,WVCNZ,PLANE,LAMP,mismatch,2,0,BlackPlane_3.jpg,BlackLamp_1.jpg,PinkStar_2.jpg,GreenLeaf_2.jpg
80,QXSW,PINK,MTPV,BOAT,LEAF,match,0,1,BlueLeaf_3.jpg,PinkLeaf_3.jpg,BlackLeaf_2.jpg,BlackBoat_3.jpg
81,XKQ,RED,XKQ,CUP,LEAF,match,0,2,GreenLeaf_3.jpg,RedLeaf_1.jpg,BrownLeaf_2.jpg,BlackLeaf_2.jpg
82,WVCNZ,BLACK,WVCNZ,HOUSE,LEAF,mismatch,2,0,GreenPlane_3.jpg,BrownLeaf_1.jpg,RedCross_1.jpg,BlueSquare_2.jpg
83,MTPV,BLUE,QXSW,LAMP,LEAF,mismatch,3,0,PinkFork_3.jpg,GreenStar_3.jpg,PinkTree_1.jpg,PinkShoe_2.jpg
84,QXSW,BLUE,MTPV,BOAT,NOTE,match,0,1,BlackNote_2.jpg,BlueNote_1.jpg,RedNote_2.jpg,RedBoat_2.jpg
85,XKQ,RED,XKQ,CUP,NOTE,match,0,2,BlackNote_1.jpg,RedNote_3.jpg,BlackNote_3.jpg,GreenNote_1.jpg
86,RJDNW,BLACK,WVCNZ,PLANE,NOTE,mismatch,1,0,BrownStar_2.jpg,BlackPlane_3.jpg,BrownLeaf_1.jpg,BrownShoe_1.jpg
87,ZBXLV,BROWN,RJDNW,HOUSE,NOTE,mismatch,1,0,BrownKey_3.jpg,BrownFlag_2.jpg,BlueHeart_2.jpg,BrownHand_1.jpg
88,QXSW,PINK,QXSW,BOAT,STAR,match,0,1,BrownStar_3.jpg,PinkStar_1.jpg,BlueStar_1.jpg,GreenBoat_2.jpg
89,MTPV,BLUE,MTPV,LAMP,STAR,match,0,2,PinkStar_1.jpg,BlueStar_3.jpg,GreenStar_1.jpg,BlueStar_1.jpg
90,XKQ,RED,XKQ,CUP,STAR,mismatch,3,0,BrownBoat_3.jpg,BlackLock_3.jpg,BlackCup_2.jpg,GreenBag_1.jpg
91,ZBXLV,GREEN,ZBXLV,HOUSE,STAR,mismatch,3,0,BlackHeart_3.jpg,GreenCane_1.jpg,BlueFork_1.jpg,BlueCross_3.jpg
92,QXSW,PINK,QXSW,LAMP,TREE,match,0,1,BlackTree_2.jpg,PinkTree_2.jpg,GreenTree_1.jpg,RedLamp_3.jpg
93,WVCNZ,BROWN,WVCNZ,CROSS,TREE,match,0,2,BlueTree_2.jpg,BrownTree_1.jpg,GreenTree_3.jpg,RedTree_3.jpg
94,RJDNW,GREEN,RJDNW,HOUSE,TREE,mismatch,1,0,BlackStar_2.jpg,GreenFlag_2.jpg,RedBow_1.jpg,RedCar_3.jpg
95,MTPV,BLUE,MTPV,BOAT,TREE,mismatch,2,0,GreenHand_1.jpg,GreenTree_1.jpg,RedFork_3.jpg,BlueLamp_3.jpg
96,QXSW,PINK,QXSW,LAMP,HOUSE,match,0,1,BrownHouse_3.jpg,PinkHouse_3.jpg,BlackHouse_3.jpg,BrownLamp_2.jpg
97,MTPV,BLUE,MTPV,BOAT,HOUSE,match,0,2,BlackHouse_1.jpg,BlueHouse_2.jpg,BlackHouse_1.jpg,PinkHouse_3.jpg
98,WVCNZ,GREEN,WVCNZ,CROSS,HOUSE,mismatch,2,0,BrownBoat_3.jpg,RedHouse_3.jpg,RedNote_3.jpg,BlackShoe_1.jpg
99,XKQ,RED,XKQ,CUP,HOUSE,mismatch,3,0,BlackCar_3.jpg,GreenLamp_2.jpg,BrownLamp_2.jpg,PinkFork_2.jpg
