,Consonant_COMP,Modifier_COMP,Consonant_LIST,Modifier_LIST,Head,Match,Mismatch_Type,List_Match,Image_COMP_1W,Image_COMP_2W,Image_LIST_1W,Image_LIST_2W
0,MTPV,BLUE,QXSW,LAMP,DISC,match,0,1,GreenDisc_1.jpg,BlueDisc_2.jpg,GreenDisc_3.jpg,BlueLamp_3.jpg
1,QXSW,PINK,MTPV,BOAT,DISC,match,0,2,BlueDisc_1.jpg,PinkDisc_1.jpg,PinkDisc_2.jpg,BrownDisc_2.jpg
2,WVCNZ,BROWN,ZBXLV,CROSS,DISC,mismatch,1,0,PinkFlag_2.jpg,BrownBone_2.jpg,GreenCross_3.jpg,BlackSquare_3.jpg
3,RJDNW,GREEN,WVCNZ,PLANE,DISC,mismatch,1,0,BlueStar_3.jpg,GreenLamp_1.jpg,RedLeaf_3.jpg,PinkShoe_1.jpg
4,WVCNZ,GREEN,WVCNZ,CROSS,PLANE,match,0,1,BlackPlane_1.jpg,GreenPlane_2.jpg,BrownPlane_2.jpg,RedCross_1.jpg
5,ZBXLV,BLACK,ZBXLV,HOUSE,PLANE,match,0,2,BluePlane_1.jpg,BlackPlane_2.jpg,BlackPlane_1.jpg,BlackPlane_2.jpg
6,QXSW,PINK,MTPV,LAMP,PLANE,mismatch,3,0,BlackKey_3.jpg,BlackBow_2.jpg,BrownHouse_2.jpg,RedBow_2.jpg
7,XKQ,RED,XKQ,CUP,PLANE,mismatch,1,0,BrownBoat_3.jpg,RedFork_2.jpg,GreenCup_1.jpg,RedCross_1.jpg
8,ZBXLV,BLACK,WVCNZ,CROSS,BAG,match,0,1,BlueBag_2.jpg,BlackBag_2.jpg,BlackBag_2.jpg,BlueCross_3.jpg
9,WVCNZ,BROWN,RJDNW,HOUSE,BAG,match,0,2,PinkBag_3.jpg,BrownBag_2.jpg,GreenBag_2.jpg,BlueBag_3.jpg
10,RJDNW,GREEN,ZBXLV,PLANE,BAG,mismatch,1,0,PinkTree_2.jpg,GreenBone_2.jpg,BlackNote_3.jpg,BlueKey_2.jpg
11,XKQ,RED,XKQ,CUP,BAG,mismatch,3,0,BlackLock_2.jpg,BlackCar_3.jpg,PinkSquare_1.jpg,RedDisc_2.jpg
12,MTPV,BLUE,MTPV,LAMP,LOCK,match,0,1,BlackLock_3.jpg,BlueLock_3.jpg,GreenLock_2.jpg,BlueLamp_3.jpg
13,QXSW,PINK,QXSW,BOAT,LOCK,match,0,2,RedLock_1.jpg,PinkLock_3.jpg,BlueLock_3.jpg,BlackLock_3.jpg
14,ZBXLV,BROWN,ZBXLV,HOUSE,LOCK,mismatch,1,0,RedStar_2.jpg,BrownSquare_2.jpg,BrownKey_1.jpg,GreenTree_2.jpg
15,XKQ,RED,XKQ,CUP,LOCK,mismatch,3,0,BrownCar_1.jpg,BrownBoat_3.jpg,RedBone_2.jpg,PinkCross_2.jpg
16,XKQ,RED,XKQ,CUP,CANE,match,0,1,BrownCane_1.jpg,RedCane_3.jpg,BlackCane_3.jpg,GreenCup_2.jpg
17,RJDNW,BROWN,RJDNW,HOUSE,CANE,match,0,2,BrownCane_1.jpg,BrownCane_3.jpg,GreenCane_2.jpg,BrownCane_2.jpg
18,MTPV,BLUE,MTPV,LAMP,CANE,mismatch,3,0,PinkBone_1.jpg,BlueTree_1.jpg,BluePlane_3.jpg,BlackBell_1.jpg
19,ZBXLV,BLACK,WVCNZ,CROSS,CANE,mismatch,2,0,BlueDisc_1.jpg,BlackCane_2.jpg,RedBow_1.jpg,GreenLock_1.jpg
20,ZBXLV,BLACK,ZBXLV,CROSS,HAND,match,0,1,GreenHand_2.jpg,BlackHand_3.jpg,BrownHand_1.jpg,RedCross_1.jpg
21,QXSW,BLUE,MTPV,BOAT,HAND,match,0,2,BlackHand_3.jpg,BlueHand_1.jpg,GreenHand_3.jpg,RedHand_2.jpg
22,XKQ,RED,XKQ,CUP,HAND,mismatch,3,0,RedHeart_1.jpg,GreenLeaf_1.jpg,PinkNote_2.jpg,GreenCross_3.jpg
23,RJDNW,GREEN,RJDNW,PLANE,HAND,mismatch,3,0,BrownShoe_1.jpg,GreenHouse_1.jpg,BrownPlane_1.jpg,GreenDisc_3.jpg
24,WVCNZ,BROWN,ZBXLV,PLANE,KEY,match,0,1,BrownKey_1.jpg,BrownKey_1.jpg,BlueKey_3.jpg,BlackPlane_2.jpg
25,XKQ,RED,XKQ,CUP,KEY,match,0,2,BrownKey_1.jpg,RedKey_2.jpg,BrownKey_1.jpg,BlueKey_3.jpg
26,MTPV,BLUE,MTPV,LAMP,KEY,mismatch,2,0,BrownSquare_1.jpg,BrownKey_2.jpg,PinkBell_1.jpg,RedFork_2.jpg
27,RJDNW,GREEN,WVCNZ,CROSS,KEY,mismatch,2,0,BrownBoat_1.jpg,BlackKey_2.jpg,BrownBow_1.jpg,GreenCane_2.jpg
28,XKQ,RED,XKQ,CUP,SHOE,match,0,1,BlackShoe_2.jpg,RedShoe_2.jpg,RedShoe_2.jpg,PinkCup_2.jpg
29,RJDNW,GREEN,WVCNZ,HOUSE,SHOE,match,0,2,BlueShoe_1.jpg,GreenShoe_1.jpg,RedShoe_1.jpg,BlueShoe_3.jpg
30,WVCNZ,BROWN,ZBXLV,PLANE,SHOE,mismatch,3,0,PinkBag_3.jpg,RedBone_2.jpg,BrownHeart_2.jpg,BlackKey_2.jpg
31,QXSW,PINK,MTPV,LAMP,SHOE,mismatch,3,0,BrownHeart_1.jpg,PinkStar_3.jpg,BlackCross_3.jpg,RedLeaf_2.jpg
32,ZBXLV,GREEN,ZBXLV,PLANE,BONE,match,0,1,BlackBone_2.jpg,GreenBone_3.jpg,PinkBone_2.jpg,GreenPlane_1.jpg
33,MTPV,BLUE,QXSW,LAMP,BONE,match,0,2,RedBone_1.jpg,BlueBone_2.jpg,BrownBone_2.jpg,RedBone_1.jpg
34,XKQ,RED,XKQ,CUP,BONE,mismatch,2,0,BlackHand_3.jpg,BlueBone_3.jpg,PinkBell_1.jpg,BrownHand_3.jpg
35,RJDNW,BROWN,RJDNW,CROSS,BONE,mismatch,3,0,GreenHouse_1.jpg,GreenBow_1.jpg,BrownNote_1.jpg,GreenPlane_1.jpg
36,WVCNZ,GREEN,RJDNW,HOUSE,SQUARE,match,0,1,GreenSquare_3.jpg,GreenSquare_3.jpg,PinkSquare_1.jpg,BlueHouse_3.jpg
37,MTPV,BLUE,MTPV,LAMP,SQUARE,match,0,2,BlueSquare_2.jpg,BlueSquare_3.jpg,BlackSquare_1.jpg,BlackSquare_2.jpg
38,RJDNW,BROWN,WVCNZ,CROSS,SQUARE,mismatch,2,0,RedBoat_3.jpg,BlueSquare_3.jpg,RedHeart_2.jpg,BrownBag_1.jpg
39,XKQ,RED,XKQ,CUP,SQUARE,mismatch,1,0,GreenShoe_1.jpg,RedHouse_3.jpg,GreenCross_1.jpg,BlackHouse_3.jpg
40,ZBXLV,GREEN,WVCNZ,HOUSE,BELL,match,0,1,BlackBell_3.jpg,GreenBell_1.jpg,BrownBell_1.jpg,RedHouse_3.jpg
41,MTPV,PINK,MTPV,LAMP,BELL,match,0,2,PinkBell_3.jpg,PinkBell_2.jpg,BlueBell_3.jpg,PinkBell_1.jpg
42,WVCNZ,BLACK,ZBXLV,CROSS,BELL,mismatch,3,0,BlueNote_3.jpg,PinkCar_1.jpg,BrownLamp_3.jpg,RedSquare_2.jpg
43,RJDNW,BROWN,RJDNW,PLANE,BELL,mismatch,3,0,RedHand_3.jpg,BrownLock_1.jpg,BlackBoat_2.jpg,GreenHeart_1.jpg
44,QXSW,BLUE,MTPV,LAMP,BOAT,match,0,1,BlueBoat_3.jpg,BlueBoat_3.jpg,GreenBoat_2.jpg,PinkLamp_3.jpg
45,RJDNW,GREEN,ZBXLV,HOUSE,BOAT,match,0,2,GreenBoat_3.jpg,GreenBoat_1.jpg,BlueBoat_1.jpg,RedBoat_1.jpg
46,ZBXLV,BLACK,RJDNW,PLANE,BOAT,mismatch,2,0,BrownBone_3.jpg,BlueBoat_2.jpg,BlackLamp_3.jpg,BrownSquare_3.jpg
47,WVCNZ,BROWN,WVCNZ,CROSS,BOAT,mismatch,2,0,RedStar_3.jpg,PinkBoat_2.jpg,BrownFlag_2.jpg,PinkKey_2.jpg
48,ZBXLV,BLACK,WVCNZ,PLANE,BOW,match,0,1,PinkBow_3.jpg,BlackBow_2.jpg,BlueBow_3.jpg,BlackPlane_3.jpg
49,RJDNW,GREEN,ZBXLV,CROSS,BOW,match,0,2,BrownBow_1.jpg,GreenBow_2.jpg,BlackBow_1.jpg,BrownBow_1.jpg
50,MTPV,BLUE,QXSW,BOAT,BOW,mismatch,3,0,GreenBell_1.jpg,RedCup_3.jpg,BrownPlane_3.jpg,BrownKey_1.jpg
51,WVCNZ,BROWN,RJDNW,HOUSE,BOW,mismatch,3,0,BrownHouse_3.jpg,PinkCup_1.jpg,BluePlane_1.jpg,BlackKey_1.jpg
52,QXSW,PINK,MTPV,LAMP,CAR,match,0,1,BlueCar_1.jpg,PinkCar_1.jpg,BlackCar_1.jpg,GreenLamp_2.jpg
53,WVCNZ,GREEN,RJDNW,PLANE,CAR,match,0,2,PinkCar_1.jpg,GreenCar_1.jpg,BlackCar_3.jpg,GreenCar_2.jpg
54,MTPV,BLUE,QXSW,BOAT,CAR,mismatch,2,0,PinkSquare_1.jpg,GreenCar_2.jpg,BlueShoe_3.jpg,BlueHeart_1.jpg
55,RJDNW,BROWN,ZBXLV,CROSS,CAR,mismatch,1,0,RedBoat_2.jpg,BrownFlag_3.jpg,GreenLeaf_1.jpg,BlueLeaf_2.jpg
56,MTPV,PINK,QXSW,BOAT,CROSS,match,0,1,RedCross_1.jpg,PinkCross_2.jpg,BlackCross_2.jpg,GreenBoat_1.jpg
57,WVCNZ,GREEN,WVCNZ,HOUSE,CROSS,match,0,2,BrownCross_2.jpg,GreenCross_3.jpg,PinkCross_2.jpg,BlueCross_2.jpg
58,QXSW,BLUE,MTPV,LAMP,CROSS,mismatch,1,0,GreenBow_3.jpg,BlueCup_1.jpg,BlackTree_2.jpg,BrownSquare_2.jpg
59,ZBXLV,BLACK,RJDNW,PLANE,CROSS,mismatch,1,0,BlueHouse_2.jpg,BlackNote_1.jpg,RedLeaf_2.jpg,PinkHeart_2.jpg
60,MTPV,BLUE,QXSW,BOAT,CUP,match,0,1,BlackCup_3.jpg,BlueCup_3.jpg,BlackCup_2.jpg,GreenBoat_1.jpg
61,ZBXLV,GREEN,ZBXLV,CROSS,CUP,match,0,2,RedCup_3.jpg,GreenCup_2.jpg,PinkCup_3.jpg,GreenCup_1.jpg
62,WVCNZ,BROWN,RJDNW,PLANE,CUP,mismatch,3,0,PinkLamp_1.jpg,BlueCross_1.jpg,RedLamp_1.jpg,RedBow_1.jpg
63,QXSW,PINK,MTPV,LAMP,CUP,mismatch,3,0,BlueHouse_3.jpg,BlackBone_1.jpg,PinkCane_1.jpg,BlackSquare_3.jpg
64,MTPV,BLUE,MTPV,BOAT,FLAG,match,0,1,BlackFlag_2.jpg,BlueFlag_3.jpg,BlackFlag_1.jpg,GreenBoat_2.jpg
65,WVCNZ,GREEN,WVCNZ,CROSS,FLAG,match,0,2,BlueFlag_3.jpg,GreenFlag_1.jpg,BlueFlag_1.jpg,BrownFlag_3.jpg
66,RJDNW,BLACK,RJDNW,HOUSE,FLAG,mismatch,2,0,BlackBell_3.jpg,BlackFlag_1.jpg,RedHouse_1.jpg,BlackPlane_2.jpg
67,ZBXLV,BROWN,ZBXLV,PLANE,FLAG,mismatch,2,0,BrownLeaf_1.jpg,PinkFlag_1.jpg,RedBell_3.jpg,GreenLock_1.jpg
68,MTPV,PINK,MTPV,LAMP,FORK,match,0,1,GreenFork_1.jpg,PinkFork_1.jpg,GreenFork_2.jpg,GreenLamp_2.jpg
69,XKQ,RED,XKQ,CUP,FORK,match,0,2,BlueFork_1.jpg,RedFork_2.jpg,GreenFork_1.jpg,BlueFork_2.jpg
70,ZBXLV,BROWN,WVCNZ,HOUSE,FORK,mismatch,1,0,GreenFlag_3.jpg,BrownPlane_1.jpg,BlueHouse_2.jpg,BlueCross_1.jpg
71,QXSW,BLUE,QXSW,BOAT,FORK,mismatch,2,0,PinkNote_2.jpg,GreenFork_3.jpg,BlueHouse_1.jpg,PinkBell_3.jpg
72,RJDNW,BLACK,RJDNW,PLANE,HEART,match,0,1,BlueHeart_3.jpg,BlackHeart_3.jpg,GreenHeart_1.jpg,GreenPlane_3.jpg
73,WVCNZ,BROWN,ZBXLV,HOUSE,HEART,match,0,2,GreenHeart_1.jpg,BrownHeart_1.jpg,GreenHeart_3.jpg,BlueHeart_3.jpg
74,QXSW,BLUE,QXSW,LAMP,HEART,mismatch,1,0,BlackTree_2.jpg,BlueBag_1.jpg,BlackLock_1.jpg,PinkFork_3.jpg
75,XKQ,RED,XKQ,CUP,HEART,mismatch,1,0,PinkCar_2.jpg,RedFlag_3.jpg,PinkLeaf_3.jpg,BrownBoat_2.jpg
76,RJDNW,BLACK,RJDNW,HOUSE,LAMP,match,0,1,BlueLamp_2.jpg,BlackLamp_1.jpg,GreenLamp_2.jpg,GreenHouse_2.jpg
77,XKQ,RED,XKQ,CUP,LAMP,match,0,2,PinkLamp_2.jpg,RedLamp_3.jpg,PinkLamp_2.jpg,RedLamp_3.jpg
78,MTPV,PINK,QXSW,BOAT,LAMP,mismatch,2,0,RedFork_3.jpg,BlackLamp_1.jpg,PinkLeaf_2.jpg,BrownBone_3.jpg
79,WVCNZ,GREEN,ZBXLV,PLANE,LAMP,mismatch,1,0,GreenShoe_2.jpg,GreenHand_2.jpg,BlueNote_2.jpg,BlueBow_3.jpg
80,ZBXLV,GREEN,ZBXLV,PLANE,LEAF,match,0,1,RedLeaf_1.jpg,GreenLeaf_1.jpg,PinkLeaf_3.jpg,GreenPlane_3.jpg
81,QXSW,PINK,MTPV,LAMP,LEAF,match,0,2,BrownLeaf_2.jpg,PinkLeaf_3.jpg,PinkLeaf_2.jpg,RedLeaf_3.jpg
82,MTPV,BLUE,QXSW,BOAT,LEAF,mismatch,1,0,RedPlane_2.jpg,BlueTree_2.jpg,PinkFlag_3.jpg,GreenCar_1.jpg
83,XKQ,RED,XKQ,CUP,LEAF,mismatch,2,0,BrownHand_2.jpg,GreenLeaf_3.jpg,BlueTree_3.jpg,PinkBoat_2.jpg
84,RJDNW,GREEN,ZBXLV,HOUSE,NOTE,match,0,1,BrownNote_2.jpg,GreenNote_2.jpg,BlackNote_3.jpg,BrownHouse_3.jpg
85,MTPV,PINK,QXSW,LAMP,NOTE,match,0,2,GreenNote_3.jpg,PinkNote_2.jpg,BlackNote_2.jpg,BrownNote_3.jpg
86,WVCNZ,BLACK,WVCNZ,CROSS,NOTE,mismatch,3,0,BrownBoat_2.jpg,BlueCane_2.jpg,BlueShoe_3.jpg,BlackCar_1.jpg
87,XKQ,RED,XKQ,CUP,NOTE,mismatch,2,0,BlueLamp_1.jpg,GreenNote_2.jpg,PinkDisc_3.jpg,BlackBell_2.jpg
88,RJDNW,GREEN,WVCNZ,PLANE,STAR,match,0,1,BlackStar_3.jpg,GreenStar_1.jpg,BrownStar_1.jpg,PinkPlane_3.jpg
89,WVCNZ,BROWN,RJDNW,HOUSE,STAR,match,0,2,BrownStar_1.jpg,BrownStar_3.jpg,GreenStar_2.jpg,BrownStar_3.jpg
90,ZBXLV,BLACK,ZBXLV,CROSS,STAR,mismatch,1,0,BlueDisc_2.jpg,BlackBow_1.jpg,RedHand_2.jpg,PinkTree_3.jpg
91,XKQ,RED,XKQ,CUP,STAR,mismatch,1,0,BlackHand_2.jpg,RedKey_1.jpg,PinkHeart_3.jpg,BlackHand_3.jpg
92,QXSW,PINK,MTPV,LAMP,TREE,match,0,1,BlackTree_2.jpg,PinkTree_1.jpg,BlackTree_1.jpg,BrownLamp_3.jpg
93,XKQ,RED,XKQ,CUP,TREE,match,0,2,BrownTree_1.jpg,RedTree_2.jpg,PinkTree_1.jpg,BlueTree_2.jpg
94,MTPV,BLUE,QXSW,BOAT,TREE,mismatch,2,0,GreenBell_1.jpg,BlueTree_1.jpg,GreenHand_2.jpg,RedLamp_2.jpg
95,RJDNW,BLACK,RJDNW,CROSS,TREE,mismatch,2,0,BlueBow_3.jpg,BrownTree_2.jpg,GreenSquare_1.jpg,PinkKey_3.jpg
96,XKQ,RED,XKQ,CUP,HOUSE,match,0,1,GreenHouse_2.jpg,RedHouse_2.jpg,BrownHouse_2.jpg,BlackCup_3.jpg
97,RJDNW,BROWN,ZBXLV,CROSS,HOUSE,match,0,2,BlueHouse_3.jpg,BrownHouse_2.jpg,GreenHouse_2.jpg,PinkHouse_2.jpg
98,MTPV,BLUE,QXSW,BOAT,HOUSE,mismatch,3,0,RedNote_1.jpg,GreenBow_2.jpg,PinkStar_3.jpg,GreenLock_1.jpg
99,QXSW,PINK,MTPV,LAMP,HOUSE,mismatch,3,0,BrownFork_3.jpg,RedStar_1.jpg,PinkCar_3.jpg,BlueBoat_2.jpg
