,Consonant_COMP,Modifier_COMP,Consonant_LIST,Modifier_LIST,Head,Match,Mismatch_Type,List_Match,Image_COMP_1W,Image_COMP_2W,Image_LIST_1W,Image_LIST_2W
0,XKQ,RED,XKQ,CUP,DISC,match,0,1,BrownDisc_1.jpg,RedDisc_1.jpg,BlackDisc_1.jpg,PinkCup_2.jpg
1,ZBXLV,BROWN,RJDNW,CROSS,DISC,match,0,2,BlueDisc_1.jpg,BrownDisc_3.jpg,RedDisc_1.jpg,PinkDisc_2.jpg
2,RJDNW,GREEN,ZBXLV,PLANE,DISC,mismatch,1,0,BrownFork_3.jpg,GreenLamp_3.jpg,BrownStar_1.jpg,RedLeaf_2.jpg
3,QXSW,PINK,QXSW,LAMP,DISC,mismatch,1,0,GreenStar_2.jpg,PinkHouse_2.jpg,RedNote_2.jpg,GreenLock_1.jpg
4,QXSW,BLUE,QXSW,BOAT,PLANE,match,0,1,GreenPlane_3.jpg,BluePlane_1.jpg,BluePlane_3.jpg,RedBoat_2.jpg
5,WVCNZ,BROWN,ZBXLV,HOUSE,PLANE,match,0,2,BrownPlane_1.jpg,BrownPlane_1.jpg,RedPlane_2.jpg,RedPlane_2.jpg
6,ZBXLV,GREEN,WVCNZ,CROSS,PLANE,mismatch,3,0,BlueCup_2.jpg,BlueLamp_2.jpg,BlackBag_2.jpg,GreenTree_1.jpg
7,MTPV,PINK,MTPV,LAMP,PLANE,mismatch,3,0,RedSquare_3.jpg,BrownCup_1.jpg,BlackLock_2.jpg,BrownBone_2.jpg
8,QXSW,BLUE,MTPV,LAMP,BAG,match,0,1,BlueBag_1.jpg,BlueBag_2.jpg,RedBag_2.jpg,BrownLamp_3.jpg
9,WVCNZ,BLACK,RJDNW,HOUSE,BAG,match,0,2,BrownBag_3.jpg,BlackBag_1.jpg,BlueBag_2.jpg,PinkBag_3.jpg
10,RJDNW,GREEN,ZBXLV,PLANE,BAG,mismatch,3,0,BlueDisc_2.jpg,RedBow_1.jpg,GreenCane_1.jpg,BrownBow_2.jpg
11,ZBXLV,BROWN,WVCNZ,CROSS,BAG,mismatch,3,0,BrownHeart_1.jpg,BlackLamp_3.jpg,BrownFlag_3.jpg,BrownCup_3.jpg
12,XKQ,RED,XKQ,CUP,LOCK,match,0,1,BlueLock_1.jpg,RedLock_3.jpg,RedLock_3.jpg,GreenCup_2.jpg
13,QXSW,PINK,QXSW,LAMP,LOCK,match,0,2,BrownLock_2.jpg,PinkLock_1.jpg,RedLock_1.jpg,GreenLock_3.jpg
14,MTPV,BLUE,MTPV,BOAT,LOCK,mismatch,2,0,BrownNote_2.jpg,PinkLock_2.jpg,BlackCross_3.jpg,GreenCane_2.jpg
15,ZBXLV,BROWN,WVCNZ,HOUSE,LOCK,mismatch,2,0,BlueStar_3.jpg,BlueLock_2.jpg,BlackNote_1.jpg,PinkFork_3.jpg
16,ZBXLV,GREEN,WVCNZ,PLANE,CANE,match,0,1,RedCane_3.jpg,GreenCane_1.jpg,BrownCane_3.jpg,BluePlane_3.jpg
17,XKQ,RED,XKQ,CUP,CANE,match,0,2,BrownCane_1.jpg,RedCane_2.jpg,PinkCane_1.jpg,BlackCane_1.jpg
18,RJDNW,BROWN,ZBXLV,CROSS,CANE,mismatch,1,0,PinkLock_1.jpg,BrownTree_3.jpg,RedHeart_2.jpg,PinkCar_1.jpg
19,WVCNZ,BLACK,RJDNW,HOUSE,CANE,mismatch,3,0,RedPlane_2.jpg,BrownLamp_3.jpg,PinkHouse_3.jpg,BrownTree_1.jpg
20,MTPV,BLUE,MTPV,LAMP,HAND,match,0,1,BlueHand_3.jpg,BlueHand_3.jpg,GreenHand_1.jpg,BrownLamp_2.jpg
21,ZBXLV,BLACK,WVCNZ,PLANE,HAND,match,0,2,GreenHand_2.jpg,BlackHand_3.jpg,BlackHand_2.jpg,PinkHand_1.jpg
22,QXSW,PINK,QXSW,BOAT,HAND,mismatch,1,0,BlueBell_1.jpg,PinkKey_1.jpg,RedFork_2.jpg,PinkHeart_1.jpg
23,RJDNW,BROWN,RJDNW,CROSS,HAND,mismatch,2,0,BlueCup_2.jpg,RedHand_1.jpg,BlackLeaf_1.jpg,GreenShoe_1.jpg
24,RJDNW,BROWN,WVCNZ,PLANE,KEY,match,0,1,RedKey_1.jpg,BrownKey_1.jpg,BlackKey_3.jpg,BluePlane_3.jpg
25,ZBXLV,BLACK,RJDNW,HOUSE,KEY,match,0,2,RedKey_1.jpg,BlackKey_3.jpg,BrownKey_3.jpg,BrownKey_1.jpg
26,XKQ,RED,XKQ,CUP,KEY,mismatch,1,0,RedNote_1.jpg,RedBag_1.jpg,BlueBoat_1.jpg,GreenBoat_2.jpg
27,MTPV,BLUE,MTPV,LAMP,KEY,mismatch,1,0,GreenHouse_3.jpg,BlueCar_1.jpg,BlueTree_1.jpg,PinkBell_1.jpg
28,QXSW,BLUE,MTPV,BOAT,SHOE,match,0,1,BlackShoe_2.jpg,BlueShoe_3.jpg,PinkShoe_2.jpg,GreenBoat_1.jpg
29,MTPV,PINK,QXSW,LAMP,SHOE,match,0,2,BlueShoe_2.jpg,PinkShoe_1.jpg,RedShoe_2.jpg,BlueShoe_2.jpg
30,WVCNZ,BLACK,RJDNW,HOUSE,SHOE,mismatch,2,0,RedFork_2.jpg,BlackShoe_2.jpg,BlackBoat_1.jpg,BrownKey_1.jpg
31,ZBXLV,GREEN,WVCNZ,PLANE,SHOE,mismatch,2,0,BlackCar_3.jpg,GreenShoe_1.jpg,BrownTree_1.jpg,PinkLeaf_3.jpg
32,MTPV,PINK,MTPV,LAMP,BONE,match,0,1,GreenBone_1.jpg,PinkBone_3.jpg,GreenBone_3.jpg,BlueLamp_1.jpg
33,RJDNW,GREEN,WVCNZ,CROSS,BONE,match,0,2,BlackBone_2.jpg,GreenBone_2.jpg,PinkBone_2.jpg,GreenBone_1.jpg
34,ZBXLV,BLACK,RJDNW,PLANE,BONE,mismatch,2,0,BlackCup_2.jpg,BlueBone_1.jpg,RedKey_1.jpg,BrownHeart_3.jpg
35,XKQ,RED,XKQ,CUP,BONE,mismatch,3,0,PinkDisc_2.jpg,BrownBoat_3.jpg,BrownNote_3.jpg,BrownDisc_2.jpg
36,XKQ,RED,XKQ,CUP,SQUARE,match,0,1,RedSquare_2.jpg,RedSquare_2.jpg,BrownSquare_1.jpg,PinkCup_1.jpg
37,MTPV,BLUE,QXSW,BOAT,SQUARE,match,0,2,PinkSquare_3.jpg,BlueSquare_2.jpg,GreenSquare_2.jpg,BrownSquare_1.jpg
38,QXSW,PINK,MTPV,LAMP,SQUARE,mismatch,3,0,BlueBow_1.jpg,BlueCane_3.jpg,BrownBag_1.jpg,BlackCane_3.jpg
39,RJDNW,BLACK,ZBXLV,CROSS,SQUARE,mismatch,3,0,BrownBell_2.jpg,BrownDisc_3.jpg,BlackPlane_3.jpg,GreenLock_3.jpg
40,MTPV,PINK,QXSW,BOAT,BELL,match,0,1,GreenBell_1.jpg,PinkBell_2.jpg,BrownBell_3.jpg,BlackBoat_1.jpg
41,XKQ,RED,XKQ,CUP,BELL,match,0,2,GreenBell_1.jpg,RedBell_2.jpg,GreenBell_2.jpg,RedBell_2.jpg
42,WVCNZ,BLACK,RJDNW,CROSS,BELL,mismatch,2,0,BrownBone_1.jpg,BlueBell_2.jpg,PinkStar_1.jpg,BlueTree_1.jpg
43,QXSW,BLUE,MTPV,LAMP,BELL,mismatch,3,0,GreenNote_1.jpg,BlackCross_3.jpg,BrownCross_1.jpg,BlueCar_1.jpg
44,WVCNZ,BLACK,WVCNZ,HOUSE,BOAT,match,0,1,PinkBoat_2.jpg,BlackBoat_1.jpg,BlueBoat_1.jpg,PinkHouse_3.jpg
45,RJDNW,GREEN,RJDNW,PLANE,BOAT,match,0,2,RedBoat_2.jpg,GreenBoat_1.jpg,RedBoat_2.jpg,RedBoat_2.jpg
46,ZBXLV,BROWN,ZBXLV,CROSS,BOAT,mismatch,2,0,RedLeaf_3.jpg,GreenBoat_3.jpg,RedCup_3.jpg,BlueSquare_1.jpg
47,MTPV,BLUE,MTPV,LAMP,BOAT,mismatch,1,0,BlueCup_1.jpg,BlueCross_2.jpg,BlackHouse_1.jpg,PinkHand_3.jpg
48,ZBXLV,GREEN,RJDNW,PLANE,BOW,match,0,1,BlackBow_3.jpg,GreenBow_1.jpg,BlueBow_3.jpg,GreenPlane_1.jpg
49,RJDNW,BROWN,ZBXLV,CROSS,BOW,match,0,2,BlackBow_3.jpg,BrownBow_1.jpg,BrownBow_2.jpg,BlueBow_3.jpg
50,QXSW,BLUE,MTPV,LAMP,BOW,mismatch,1,0,BlackLock_2.jpg,BlueLeaf_2.jpg,GreenCar_2.jpg,RedBell_3.jpg
51,XKQ,RED,XKQ,CUP,BOW,mismatch,2,0,PinkFork_1.jpg,BrownBow_1.jpg,RedLamp_1.jpg,PinkBone_1.jpg
52,QXSW,PINK,QXSW,LAMP,CAR,match,0,1,PinkCar_3.jpg,PinkCar_1.jpg,PinkCar_3.jpg,GreenLamp_2.jpg
53,XKQ,RED,XKQ,CUP,CAR,match,0,2,BlueCar_1.jpg,RedCar_1.jpg,BrownCar_3.jpg,BlueCar_1.jpg
54,ZBXLV,BLACK,RJDNW,PLANE,CAR,mismatch,1,0,PinkNote_1.jpg,BlackHeart_2.jpg,BlackFlag_3.jpg,BlueStar_3.jpg
55,WVCNZ,BROWN,WVCNZ,CROSS,CAR,mismatch,3,0,BlueHand_3.jpg,BlueTree_1.jpg,PinkFlag_3.jpg,BlackLock_1.jpg
56,XKQ,RED,XKQ,CUP,CROSS,match,0,1,GreenCross_3.jpg,RedCross_1.jpg,BlueCross_1.jpg,RedCup_2.jpg
57,QXSW,BLUE,MTPV,BOAT,CROSS,match,0,2,BlueCross_1.jpg,BlueCross_2.jpg,BlackCross_3.jpg,RedCross_1.jpg
58,ZBXLV,BLACK,WVCNZ,HOUSE,CROSS,mismatch,2,0,BlackFlag_1.jpg,PinkCross_2.jpg,GreenBoat_1.jpg,BlueLamp_1.jpg
59,MTPV,PINK,QXSW,LAMP,CROSS,mismatch,3,0,BlueBoat_2.jpg,BlueFork_1.jpg,BlueKey_3.jpg,BrownNote_1.jpg
60,RJDNW,GREEN,RJDNW,CROSS,CUP,match,0,1,BrownCup_3.jpg,GreenCup_2.jpg,RedCup_1.jpg,BrownCross_1.jpg
61,MTPV,PINK,MTPV,BOAT,CUP,match,0,2,BlackCup_3.jpg,PinkCup_2.jpg,GreenCup_3.jpg,BlackCup_3.jpg
62,QXSW,BLUE,QXSW,LAMP,CUP,mismatch,3,0,PinkBoat_1.jpg,GreenShoe_2.jpg,BlueStar_2.jpg,BlueBag_2.jpg
63,WVCNZ,BROWN,ZBXLV,HOUSE,CUP,mismatch,1,0,BrownHouse_2.jpg,BrownLock_3.jpg,BlueFlag_2.jpg,BlackTree_2.jpg
64,XKQ,RED,XKQ,CUP,FLAG,match,0,1,BlackFlag_3.jpg,RedFlag_2.jpg,BlueFlag_3.jpg,BrownCup_2.jpg
65,MTPV,PINK,MTPV,BOAT,FLAG,match,0,2,GreenFlag_1.jpg,PinkFlag_3.jpg,RedFlag_3.jpg,BlueFlag_3.jpg
66,ZBXLV,BROWN,RJDNW,HOUSE,FLAG,mismatch,3,0,BlueBow_3.jpg,PinkShoe_1.jpg,BrownLock_1.jpg,GreenBow_1.jpg
67,WVCNZ,GREEN,WVCNZ,CROSS,FLAG,mismatch,2,0,GreenStar_3.jpg,BrownFlag_2.jpg,PinkKey_3.jpg,BlueBow_2.jpg
68,RJDNW,BLACK,ZBXLV,PLANE,FORK,match,0,1,GreenFork_3.jpg,BlackFork_3.jpg,RedFork_1.jpg,BluePlane_1.jpg
69,ZBXLV,GREEN,WVCNZ,HOUSE,FORK,match,0,2,PinkFork_2.jpg,GreenFork_1.jpg,BlackFork_3.jpg,PinkFork_1.jpg
70,QXSW,PINK,QXSW,LAMP,FORK,mismatch,1,0,RedLeaf_2.jpg,PinkCup_1.jpg,GreenBell_1.jpg,RedCar_1.jpg
71,MTPV,BLUE,MTPV,BOAT,FORK,mismatch,1,0,RedStar_2.jpg,BlueHeart_3.jpg,BlueBow_2.jpg,RedHeart_3.jpg
72,XKQ,RED,XKQ,CUP,HEART,match,0,1,BlackHeart_3.jpg,RedHeart_2.jpg,PinkHeart_1.jpg,BrownCup_2.jpg
73,MTPV,BLUE,QXSW,LAMP,HEART,match,0,2,BlueHeart_3.jpg,BlueHeart_3.jpg,PinkHeart_1.jpg,GreenHeart_3.jpg
74,ZBXLV,BROWN,WVCNZ,PLANE,HEART,mismatch,2,0,BrownPlane_2.jpg,RedHeart_3.jpg,GreenCar_2.jpg,BlueBow_2.jpg
75,WVCNZ,BLACK,ZBXLV,HOUSE,HEART,mismatch,2,0,BrownStar_3.jpg,RedHeart_2.jpg,PinkTree_2.jpg,BlueLamp_3.jpg
76,ZBXLV,GREEN,WVCNZ,HOUSE,LAMP,match,0,1,RedLamp_3.jpg,GreenLamp_3.jpg,GreenLamp_1.jpg,PinkHouse_1.jpg
77,QXSW,PINK,QXSW,BOAT,LAMP,match,0,2,BrownLamp_3.jpg,PinkLamp_2.jpg,PinkLamp_3.jpg,GreenLamp_2.jpg
78,XKQ,RED,XKQ,CUP,LAMP,mismatch,3,0,RedTree_3.jpg,RedSquare_1.jpg,GreenBone_3.jpg,BluePlane_3.jpg
79,RJDNW,BROWN,RJDNW,PLANE,LAMP,mismatch,1,0,BlackCup_1.jpg,BrownKey_2.jpg,BlueLock_1.jpg,BlackBell_2.jpg
80,XKQ,RED,XKQ,CUP,LEAF,match,0,1,BlackLeaf_3.jpg,RedLeaf_3.jpg,RedLeaf_1.jpg,GreenCup_3.jpg
81,RJDNW,GREEN,ZBXLV,CROSS,LEAF,match,0,2,BrownLeaf_2.jpg,GreenLeaf_3.jpg,BlueLeaf_3.jpg,BlackLeaf_1.jpg
82,QXSW,PINK,MTPV,LAMP,LEAF,mismatch,3,0,BlueCross_3.jpg,BlueCane_3.jpg,PinkFlag_1.jpg,PinkBow_3.jpg
83,ZBXLV,BROWN,WVCNZ,HOUSE,LEAF,mismatch,3,0,BlueCross_1.jpg,BrownBag_2.jpg,PinkTree_1.jpg,BlueLock_3.jpg
84,WVCNZ,GREEN,RJDNW,HOUSE,NOTE,match,0,1,BrownNote_1.jpg,GreenNote_2.jpg,BlueNote_2.jpg,BrownHouse_1.jpg
85,QXSW,BLUE,MTPV,BOAT,NOTE,match,0,2,GreenNote_2.jpg,BlueNote_3.jpg,RedNote_1.jpg,BrownNote_3.jpg
86,ZBXLV,BLACK,WVCNZ,CROSS,NOTE,mismatch,3,0,RedBag_2.jpg,RedTree_2.jpg,PinkHand_3.jpg,GreenHand_2.jpg
87,RJDNW,BROWN,ZBXLV,PLANE,NOTE,mismatch,1,0,GreenCane_3.jpg,BrownBell_1.jpg,GreenHouse_1.jpg,BlackShoe_2.jpg
88,ZBXLV,GREEN,WVCNZ,CROSS,STAR,match,0,1,PinkStar_2.jpg,GreenStar_3.jpg,RedStar_1.jpg,RedCross_3.jpg
89,XKQ,RED,XKQ,CUP,STAR,match,0,2,RedStar_2.jpg,RedStar_1.jpg,BrownStar_1.jpg,GreenStar_1.jpg
90,WVCNZ,BLACK,RJDNW,PLANE,STAR,mismatch,2,0,BlackCup_3.jpg,BlackStar_2.jpg,BlueKey_2.jpg,PinkKey_2.jpg
91,MTPV,PINK,QXSW,BOAT,STAR,mismatch,3,0,PinkKey_2.jpg,RedLamp_2.jpg,BlackTree_1.jpg,BlueFork_2.jpg
92,ZBXLV,BROWN,ZBXLV,HOUSE,TREE,match,0,1,RedTree_2.jpg,BrownTree_2.jpg,BrownTree_3.jpg,BlueHouse_2.jpg
93,QXSW,PINK,MTPV,LAMP,TREE,match,0,2,GreenTree_2.jpg,PinkTree_2.jpg,RedTree_2.jpg,PinkTree_1.jpg
94,WVCNZ,BLACK,WVCNZ,CROSS,TREE,mismatch,1,0,RedHouse_3.jpg,BlackFlag_1.jpg,GreenBow_2.jpg,BlueDisc_2.jpg
95,RJDNW,GREEN,RJDNW,PLANE,TREE,mismatch,1,0,BlueCross_1.jpg,GreenDisc_1.jpg,BlueBag_3.jpg,GreenBag_3.jpg
96,QXSW,PINK,MTPV,BOAT,HOUSE,match,0,1,PinkHouse_3.jpg,PinkHouse_1.jpg,BrownHouse_3.jpg,GreenBoat_1.jpg
97,MTPV,BLUE,QXSW,LAMP,HOUSE,match,0,2,PinkHouse_2.jpg,BlueHouse_1.jpg,RedHouse_2.jpg,GreenHouse_1.jpg
98,WVCNZ,BROWN,RJDNW,PLANE,HOUSE,mismatch,2,0,RedTree_1.jpg,PinkHouse_2.jpg,BrownBell_2.jpg,PinkBone_3.jpg
99,XKQ,RED,XKQ,CUP,HOUSE,mismatch,2,0,BrownLeaf_3.jpg,BlueHouse_2.jpg,BlackStar_2.jpg,BlackSquare_3.jpg
