,Condition,Image,Match,Mismatch_Type,Word_1st,Word_2nd
0,FIX,NA,NA,NA,NA,NA
1,LIST_2W,PinkDisc_3.jpg,match,0,CROSS,DISC
2,LIST_2W,BlackLock_3.jpg,match,0,CROSS,LOCK
3,LIST_2W,PinkNote_2.jpg,match,0,PLANE,NOTE
4,LIST_2W,BlueBag_1.jpg,mismatch,1,CROSS,SQUARE
5,LIST_2W,GreenHeart_3.jpg,match,0,CUP,HEART
6,COMP_1W,BrownKey_2.jpg,match,0,RJDNW,KEY
7,COMP_1W,BlueBag_1.jpg,match,0,QXSW,BAG
8,COMP_1W,BlueHeart_2.jpg,match,0,RJDNW,HEART
9,COMP_1W,BlueDisc_2.jpg,mismatch,2,MTPV,BONE
10,COMP_1W,GreenNote_3.jpg,match,0,ZBXLV,NOTE
11,COMP_2W,BlackNote_3.jpg,mismatch,3,PINK,HEART
12,COMP_2W,BlackCar_2.jpg,match,0,BLACK,CAR
13,COMP_2W,PinkPlane_2.jpg,match,0,PINK,PLANE
14,COMP_2W,BlueCar_1.jpg,mismatch,3,BLUE,LEAF
15,COMP_2W,BrownFlag_2.jpg,match,0,BROWN,FLAG
16,LIST_1W,BlackHand_2.jpg,match,0,XKQ,HAND
17,LIST_1W,GreenHeart_2.jpg,match,0,XKQ,HEART
18,LIST_1W,RedCup_3.jpg,match,0,ZBXLV,CUP
19,LIST_1W,BlueSquare_3.jpg,mismatch,3,MTPV,BOAT
20,LIST_1W,BlackHeart_1.jpg,mismatch,2,WVCNZ,FORK
21,FIX,NA,NA,NA,NA,NA
22,COMP_1W,BlackBow_3.jpg,match,0,MTPV,BOW
23,COMP_1W,BlueBoat_1.jpg,mismatch,2,QXSW,HAND
24,COMP_1W,BlackDisc_2.jpg,match,0,ZBXLV,DISC
25,COMP_1W,BlackLamp_3.jpg,mismatch,3,ZBXLV,PLANE
26,COMP_1W,PinkCane_3.jpg,mismatch,2,WVCNZ,BONE
27,LIST_1W,RedCup_3.jpg,match,0,ZBXLV,CUP
28,LIST_1W,PinkLeaf_2.jpg,match,0,WVCNZ,LEAF
29,LIST_1W,PinkBoat_2.jpg,mismatch,1,ZBXLV,LEAF
30,LIST_1W,PinkLeaf_3.jpg,mismatch,3,RJDNW,SHOE
31,LIST_1W,PinkSquare_2.jpg,match,0,ZBXLV,SQUARE
32,LIST_2W,PinkPlane_2.jpg,mismatch,2,LAMP,HAND
33,LIST_2W,GreenTree_3.jpg,mismatch,3,CROSS,SHOE
34,LIST_2W,BlackHouse_3.jpg,match,0,HOUSE,LAMP
35,LIST_2W,BrownLeaf_2.jpg,mismatch,1,LAMP,NOTE
36,LIST_2W,BlackHouse_3.jpg,match,0,HOUSE,STAR
37,COMP_2W,GreenBell_3.jpg,match,0,GREEN,BELL
38,COMP_2W,BlackBag_1.jpg,match,0,BLACK,BAG
39,COMP_2W,GreenDisc_3.jpg,mismatch,3,PINK,BOAT
40,COMP_2W,PinkHand_1.jpg,mismatch,2,PINK,HAND
41,COMP_2W,GreenBone_1.jpg,mismatch,2,PINK,BONE
42,FIX,NA,NA,NA,NA,NA
43,COMP_2W,BlueBag_2.jpg,match,0,BLUE,BAG
44,COMP_2W,PinkCross_3.jpg,mismatch,2,PINK,CROSS
45,COMP_2W,RedCross_1.jpg,match,0,RED,CROSS
46,COMP_2W,RedHeart_1.jpg,match,0,RED,HEART
47,COMP_2W,RedBoat_3.jpg,match,0,RED,BOAT
48,LIST_2W,BlackBone_1.jpg,mismatch,3,CROSS,PLANE
49,LIST_2W,PinkHeart_3.jpg,mismatch,2,LAMP,CAR
50,LIST_2W,BrownBell_2.jpg,mismatch,3,LAMP,BOAT
51,LIST_2W,GreenShoe_2.jpg,match,0,CUP,SHOE
52,LIST_2W,PinkHouse_1.jpg,match,0,HOUSE,CANE
53,LIST_1W,BrownCane_3.jpg,match,0,ZBXLV,CANE
54,LIST_1W,BlackCar_2.jpg,mismatch,2,RJDNW,BONE
55,LIST_1W,RedBow_1.jpg,match,0,WVCNZ,BOW
56,LIST_1W,PinkLeaf_3.jpg,mismatch,3,RJDNW,SHOE
57,LIST_1W,PinkFlag_1.jpg,match,0,ZBXLV,FLAG
58,COMP_1W,BrownKey_2.jpg,match,0,RJDNW,KEY
59,COMP_1W,RedCross_2.jpg,mismatch,1,RJDNW,LEAF
60,COMP_1W,RedLamp_3.jpg,mismatch,1,RJDNW,SQUARE
61,COMP_1W,RedHand_3.jpg,match,0,RJDNW,HAND
62,COMP_1W,BlueKey_2.jpg,mismatch,3,RJDNW,LOCK
63,FIX,NA,NA,NA,NA,NA
64,LIST_1W,BlackHouse_3.jpg,mismatch,2,MTPV,HAND
65,LIST_1W,PinkCross_2.jpg,match,0,XKQ,CROSS
66,LIST_1W,BlackBow_2.jpg,mismatch,3,RJDNW,LOCK
67,LIST_1W,BlueKey_2.jpg,match,0,WVCNZ,KEY
68,LIST_1W,PinkLock_1.jpg,mismatch,3,MTPV,LEAF
69,COMP_2W,BlackBag_1.jpg,match,0,BLACK,BAG
70,COMP_2W,BrownCup_3.jpg,mismatch,2,PINK,CUP
71,COMP_2W,BlackStar_3.jpg,match,0,BLACK,STAR
72,COMP_2W,GreenNote_2.jpg,match,0,GREEN,NOTE
73,COMP_2W,PinkHeart_2.jpg,mismatch,1,PINK,TREE
74,COMP_1W,BlueShoe_2.jpg,mismatch,3,XKQ,DISC
75,COMP_1W,BrownHand_3.jpg,match,0,XKQ,HAND
76,COMP_1W,BrownSquare_2.jpg,match,0,XKQ,SQUARE
77,COMP_1W,BlueStar_1.jpg,mismatch,2,ZBXLV,CROSS
78,COMP_1W,PinkFork_3.jpg,match,0,WVCNZ,FORK
79,LIST_2W,GreenShoe_2.jpg,match,0,CUP,SHOE
80,LIST_2W,PinkNote_3.jpg,mismatch,2,HOUSE,BONE
81,LIST_2W,BrownPlane_2.jpg,match,0,PLANE,DISC
82,LIST_2W,BlueBow_2.jpg,mismatch,3,CUP,TREE
83,LIST_2W,RedHand_2.jpg,mismatch,1,HOUSE,LOCK
84,FIX,NA,NA,NA,NA,NA
