,Condition,Image,Match,Mismatch_Type,Word_1st,Word_2nd
0,FIX,NA,NA,NA,NA,NA
1,LIST_1W,BrownNote_2.jpg,match,0,QXSW,NOTE
2,LIST_1W,BlackHouse_3.jpg,mismatch,3,QXSW,TREE
3,LIST_1W,RedBoat_3.jpg,match,0,MTPV,BOAT
4,LIST_1W,GreenCar_3.jpg,mismatch,2,ZBXLV,BAG
5,LIST_1W,PinkLeaf_3.jpg,mismatch,3,XKQ,KEY
6,LIST_2W,BrownNote_1.jpg,mismatch,2,PLANE,CUP
7,LIST_2W,RedNote_2.jpg,match,0,BOAT,NOTE
8,LIST_2W,BlueHouse_2.jpg,match,0,HOUSE,BOW
9,LIST_2W,BlueCross_3.jpg,match,0,CROSS,PLANE
10,LIST_2W,PinkCup_2.jpg,mismatch,2,BOAT,TREE
11,COMP_1W,BlueFork_3.jpg,match,0,ZBXLV,FORK
12,COMP_1W,BlueHand_1.jpg,match,0,QXSW,HAND
13,COMP_1W,BlackNote_2.jpg,match,0,ZBXLV,NOTE
14,COMP_1W,BlackCar_2.jpg,mismatch,2,RJDNW,LAMP
15,COMP_1W,PinkBell_2.jpg,match,0,ZBXLV,BELL
16,COMP_2W,RedCar_3.jpg,mismatch,2,BLUE,CAR
17,COMP_2W,GreenFork_3.jpg,match,0,GREEN,FORK
18,COMP_2W,PinkTree_1.jpg,mismatch,3,GREEN,DISC
19,COMP_2W,RedBoat_1.jpg,mismatch,1,RED,FORK
20,COMP_2W,GreenKey_2.jpg,match,0,GREEN,KEY
21,FIX,NA,NA,NA,NA,NA
22,LIST_2W,BlueCross_1.jpg,match,0,CROSS,KEY
23,LIST_2W,BlueCross_3.jpg,match,0,CROSS,PLANE
24,LIST_2W,GreenBoat_2.jpg,mismatch,2,CUP,BONE
25,LIST_2W,GreenSquare_2.jpg,mismatch,2,BOAT,CAR
26,LIST_2W,RedStar_3.jpg,mismatch,1,CROSS,FLAG
27,COMP_2W,RedFork_2.jpg,mismatch,3,RED,LEAF
28,COMP_2W,BlueCane_2.jpg,mismatch,3,PINK,LOCK
29,COMP_2W,BlackPlane_1.jpg,match,0,BLACK,PLANE
30,COMP_2W,BlackLock_2.jpg,mismatch,3,BLACK,FORK
31,COMP_2W,BrownBag_2.jpg,match,0,BROWN,BAG
32,LIST_1W,RedBag_3.jpg,mismatch,1,XKQ,HAND
33,LIST_1W,PinkCane_1.jpg,match,0,XKQ,CANE
34,LIST_1W,BlueLock_2.jpg,match,0,ZBXLV,LOCK
35,LIST_1W,GreenNote_2.jpg,mismatch,2,WVCNZ,BOW
36,LIST_1W,BlueHand_3.jpg,mismatch,1,XKQ,FORK
37,COMP_1W,BlueCar_3.jpg,mismatch,2,RJDNW,BOW
38,COMP_1W,BlackCross_3.jpg,mismatch,1,WVCNZ,SQUARE
39,COMP_1W,BlueBag_1.jpg,mismatch,3,MTPV,CROSS
40,COMP_1W,PinkBell_2.jpg,match,0,ZBXLV,BELL
41,COMP_1W,RedCar_3.jpg,match,0,XKQ,CAR
42,FIX,NA,NA,NA,NA,NA
43,COMP_1W,BlackFlag_3.jpg,match,0,XKQ,FLAG
44,COMP_1W,BrownCross_1.jpg,match,0,QXSW,CROSS
45,COMP_1W,BrownHeart_3.jpg,mismatch,2,MTPV,BELL
46,COMP_1W,GreenFlag_1.jpg,mismatch,2,MTPV,TREE
47,COMP_1W,BrownBone_1.jpg,match,0,MTPV,BONE
48,LIST_1W,GreenShoe_2.jpg,match,0,RJDNW,SHOE
49,LIST_1W,PinkPlane_2.jpg,mismatch,2,RJDNW,LAMP
50,LIST_1W,PinkHouse_3.jpg,mismatch,3,QXSW,LOCK
51,LIST_1W,PinkDisc_2.jpg,match,0,MTPV,DISC
52,LIST_1W,BlackBow_1.jpg,mismatch,3,XKQ,LEAF
53,COMP_2W,PinkNote_1.jpg,match,0,PINK,NOTE
54,COMP_2W,BlueCup_3.jpg,match,0,BLUE,CUP
55,COMP_2W,BrownBag_1.jpg,mismatch,2,RED,BAG
56,COMP_2W,BrownHeart_1.jpg,match,0,BROWN,HEART
57,COMP_2W,RedFork_3.jpg,mismatch,1,RED,BOAT
58,LIST_2W,BlackCross_3.jpg,match,0,CROSS,NOTE
59,LIST_2W,BlackSquare_3.jpg,mismatch,3,PLANE,CANE
60,LIST_2W,GreenBoat_1.jpg,match,0,BOAT,LAMP
61,LIST_2W,RedShoe_2.jpg,mismatch,3,LAMP,TREE
62,LIST_2W,BlueBag_2.jpg,match,0,PLANE,BAG
63,FIX,NA,NA,NA,NA,NA
64,COMP_2W,PinkFork_3.jpg,mismatch,3,GREEN,BOAT
65,COMP_2W,GreenKey_2.jpg,match,0,GREEN,KEY
66,COMP_2W,BrownFlag_1.jpg,match,0,BROWN,FLAG
67,COMP_2W,BrownCar_2.jpg,match,0,BROWN,CAR
68,COMP_2W,BlueStar_2.jpg,mismatch,2,PINK,STAR
69,COMP_1W,BlackNote_2.jpg,match,0,ZBXLV,NOTE
70,COMP_1W,BrownBoat_1.jpg,match,0,QXSW,BOAT
71,COMP_1W,BlueCross_1.jpg,mismatch,1,ZBXLV,SHOE
72,COMP_1W,RedCross_2.jpg,mismatch,1,XKQ,HAND
73,COMP_1W,BlueBell_2.jpg,mismatch,2,ZBXLV,BOW
74,LIST_2W,RedShoe_2.jpg,mismatch,3,LAMP,TREE
75,LIST_2W,PinkBell_2.jpg,mismatch,2,PLANE,BOW
76,LIST_2W,BlueShoe_3.jpg,mismatch,2,CROSS,LEAF
77,LIST_2W,BlueStar_1.jpg,match,0,HOUSE,STAR
78,LIST_2W,GreenFork_1.jpg,match,0,CROSS,FORK
79,LIST_1W,BlackCross_1.jpg,mismatch,1,RJDNW,HOUSE
80,LIST_1W,BrownStar_1.jpg,mismatch,3,XKQ,CROSS
81,LIST_1W,PinkBone_1.jpg,match,0,RJDNW,BONE
82,LIST_1W,PinkBell_1.jpg,mismatch,3,RJDNW,FORK
83,LIST_1W,PinkHand_1.jpg,match,0,WVCNZ,HAND
84,FIX,NA,NA,NA,NA,NA
