,Condition,Image,Match,Mismatch_Type,Word_1st,Word_2nd
0,FIX,NA,NA,NA,NA,NA
1,COMP_1W,BlueTree_2.jpg,mismatch,3,QXSW,LEAF
2,COMP_1W,BrownCup_1.jpg,match,0,QXSW,CUP
3,COMP_1W,GreenLeaf_3.jpg,mismatch,3,MTPV,BOAT
4,COMP_1W,PinkLamp_2.jpg,match,0,ZBXLV,LAMP
5,COMP_1W,BlackBag_2.jpg,match,0,RJDNW,BAG
6,COMP_2W,GreenSquare_1.jpg,match,0,GREEN,SQUARE
7,COMP_2W,BrownFlag_1.jpg,mismatch,3,BLUE,BELL
8,COMP_2W,RedPlane_1.jpg,match,0,RED,PLANE
9,COMP_2W,BlackKey_3.jpg,mismatch,3,BLUE,BOAT
10,COMP_2W,BlackSquare_1.jpg,match,0,BLACK,SQUARE
11,LIST_1W,RedHand_2.jpg,match,0,WVCNZ,HAND
12,LIST_1W,BlackBell_1.jpg,mismatch,1,ZBXLV,CUP
13,LIST_1W,GreenDisc_1.jpg,mismatch,3,QXSW,LOCK
14,LIST_1W,RedBell_2.jpg,match,0,ZBXLV,BELL
15,LIST_1W,PinkBoat_3.jpg,mismatch,2,WVCNZ,CAR
16,LIST_2W,BrownStar_1.jpg,match,0,CUP,STAR
17,LIST_2W,GreenHeart_3.jpg,match,0,BOAT,HEART
18,LIST_2W,BrownBoat_1.jpg,match,0,BOAT,KEY
19,LIST_2W,PinkCup_1.jpg,match,0,CUP,CAR
20,LIST_2W,GreenLamp_3.jpg,mismatch,2,PLANE,CANE
21,FIX,NA,NA,NA,NA,NA
22,COMP_2W,BlueSquare_2.jpg,mismatch,2,BROWN,SQUARE
23,COMP_2W,BlackLock_3.jpg,match,0,BLACK,LOCK
24,COMP_2W,PinkNote_3.jpg,mismatch,2,RED,NOTE
25,COMP_2W,GreenLamp_2.jpg,match,0,GREEN,LAMP
26,COMP_2W,RedCar_3.jpg,match,0,RED,CAR
27,LIST_2W,RedShoe_1.jpg,mismatch,3,BOAT,STAR
28,LIST_2W,RedCross_1.jpg,match,0,CROSS,HOUSE
29,LIST_2W,BrownSquare_3.jpg,mismatch,2,CUP,CROSS
30,LIST_2W,RedLamp_3.jpg,match,0,LAMP,CROSS
31,LIST_2W,BlackBag_3.jpg,mismatch,2,PLANE,CAR
32,COMP_1W,BrownSquare_3.jpg,match,0,WVCNZ,SQUARE
33,COMP_1W,BlueBone_2.jpg,mismatch,1,QXSW,FORK
34,COMP_1W,RedCup_3.jpg,mismatch,2,ZBXLV,SQUARE
35,COMP_1W,BrownCar_3.jpg,match,0,WVCNZ,CAR
36,COMP_1W,BlueTree_2.jpg,mismatch,3,QXSW,LEAF
37,LIST_1W,BlueHand_3.jpg,mismatch,3,XKQ,SHOE
38,LIST_1W,GreenNote_3.jpg,mismatch,2,XKQ,LAMP
39,LIST_1W,BrownKey_1.jpg,match,0,QXSW,KEY
40,LIST_1W,BlueBone_1.jpg,mismatch,1,RJDNW,FLAG
41,LIST_1W,BlueTree_1.jpg,match,0,QXSW,TREE
42,FIX,NA,NA,NA,NA,NA
43,LIST_1W,BlackCross_1.jpg,match,0,MTPV,CROSS
44,LIST_1W,PinkBow_1.jpg,mismatch,3,QXSW,BOAT
45,LIST_1W,RedHand_2.jpg,match,0,WVCNZ,HAND
46,LIST_1W,BrownLeaf_1.jpg,mismatch,3,RJDNW,PLANE
47,LIST_1W,GreenCup_3.jpg,mismatch,3,QXSW,SHOE
48,COMP_1W,BlueTree_1.jpg,match,0,RJDNW,TREE
49,COMP_1W,BrownSquare_3.jpg,match,0,WVCNZ,SQUARE
50,COMP_1W,BlueBone_2.jpg,mismatch,2,QXSW,CROSS
51,COMP_1W,RedCup_3.jpg,match,0,WVCNZ,CUP
52,COMP_1W,GreenBell_3.jpg,mismatch,1,QXSW,KEY
53,LIST_2W,GreenLamp_3.jpg,mismatch,2,PLANE,CANE
54,LIST_2W,PinkLamp_2.jpg,match,0,LAMP,DISC
55,LIST_2W,BrownDisc_2.jpg,match,0,HOUSE,DISC
56,LIST_2W,RedShoe_2.jpg,mismatch,3,BOAT,BAG
57,LIST_2W,BlackCross_1.jpg,match,0,PLANE,CROSS
58,COMP_2W,GreenTree_1.jpg,mismatch,3,PINK,BONE
59,COMP_2W,BlueDisc_3.jpg,mismatch,2,BLUE,DISC
60,COMP_2W,BlackCross_1.jpg,mismatch,2,BLUE,CROSS
61,COMP_2W,BlueBone_3.jpg,match,0,BLUE,BONE
62,COMP_2W,BlackFork_1.jpg,match,0,BLACK,FORK
63,FIX,NA,NA,NA,NA,NA
64,LIST_2W,RedLamp_2.jpg,match,0,LAMP,BONE
65,LIST_2W,PinkCup_1.jpg,match,0,CUP,CAR
66,LIST_2W,GreenHeart_2.jpg,mismatch,1,LAMP,KEY
67,LIST_2W,BlackBag_3.jpg,mismatch,2,PLANE,CAR
68,LIST_2W,BlueTree_1.jpg,mismatch,1,CUP,LOCK
69,LIST_1W,BrownBell_3.jpg,match,0,WVCNZ,BELL
70,LIST_1W,BlackHand_2.jpg,match,0,MTPV,HAND
71,LIST_1W,BlackPlane_3.jpg,mismatch,1,XKQ,LOCK
72,LIST_1W,PinkBell_2.jpg,mismatch,1,QXSW,FORK
73,LIST_1W,GreenCane_1.jpg,match,0,MTPV,CANE
74,COMP_2W,GreenHand_1.jpg,mismatch,1,GREEN,BONE
75,COMP_2W,RedPlane_1.jpg,mismatch,2,PINK,PLANE
76,COMP_2W,BlackTree_2.jpg,match,0,BLACK,TREE
77,COMP_2W,GreenShoe_3.jpg,match,0,GREEN,SHOE
78,COMP_2W,RedPlane_1.jpg,match,0,RED,PLANE
79,COMP_1W,BrownFlag_3.jpg,mismatch,3,WVCNZ,BOAT
80,COMP_1W,PinkLamp_3.jpg,mismatch,2,QXSW,DISC
81,COMP_1W,GreenHouse_3.jpg,match,0,RJDNW,HOUSE
82,COMP_1W,BlackHouse_3.jpg,mismatch,1,XKQ,BOW
83,COMP_1W,BrownPlane_1.jpg,match,0,WVCNZ,PLANE
84,FIX,NA,NA,NA,NA,NA
