,Condition,Image,Match,Mismatch_Type,Word_1st,Word_2nd
0,FIX,NA,NA,NA,NA,NA
1,COMP_2W,BrownKey_3.jpg,match,0,BROWN,KEY
2,COMP_2W,RedBell_2.jpg,match,0,RED,BELL
3,COMP_2W,PinkBow_2.jpg,mismatch,3,BROWN,DISC
4,COMP_2W,BlueKey_3.jpg,mismatch,2,RED,KEY
5,COMP_2W,BrownLamp_1.jpg,mismatch,2,BROWN,LAMP
6,LIST_1W,BlueFork_1.jpg,mismatch,3,RJDNW,HAND
7,LIST_1W,BrownBoat_2.jpg,match,0,XKQ,BOAT
8,LIST_1W,BrownCross_3.jpg,match,0,XKQ,CROSS
9,LIST_1W,GreenBag_1.jpg,mismatch,1,QXSW,BONE
10,LIST_1W,PinkBow_1.jpg,mismatch,2,MTPV,FLAG
11,LIST_2W,BrownHand_1.jpg,match,0,BOAT,HAND
12,LIST_2W,BrownKey_3.jpg,mismatch,1,BOAT,BONE
13,LIST_2W,BrownLamp_3.jpg,mismatch,1,PLANE,CUP
14,LIST_2W,BlackBow_1.jpg,mismatch,2,CUP,LEAF
15,LIST_2W,BrownFork_2.jpg,match,0,CROSS,FORK
16,COMP_1W,RedBag_2.jpg,mismatch,3,RJDNW,LOCK
17,COMP_1W,PinkBag_1.jpg,match,0,WVCNZ,BAG
18,COMP_1W,BlueNote_1.jpg,match,0,MTPV,NOTE
19,COMP_1W,GreenBow_3.jpg,mismatch,3,RJDNW,HAND
20,COMP_1W,GreenFork_2.jpg,mismatch,1,XKQ,BOW
21,FIX,NA,NA,NA,NA,NA
22,LIST_1W,BlueCross_2.jpg,mismatch,2,XKQ,LEAF
23,LIST_1W,BlueNote_1.jpg,mismatch,3,ZBXLV,HEART
24,LIST_1W,BlackCup_2.jpg,match,0,MTPV,CUP
25,LIST_1W,GreenLamp_3.jpg,match,0,WVCNZ,LAMP
26,LIST_1W,BrownCup_2.jpg,match,0,QXSW,CUP
27,COMP_1W,PinkSquare_2.jpg,match,0,WVCNZ,SQUARE
28,COMP_1W,RedStar_3.jpg,mismatch,3,XKQ,PLANE
29,COMP_1W,PinkFlag_1.jpg,match,0,QXSW,FLAG
30,COMP_1W,BlackHouse_2.jpg,match,0,MTPV,HOUSE
31,COMP_1W,BrownHand_3.jpg,mismatch,2,WVCNZ,FORK
32,COMP_2W,BrownNote_1.jpg,mismatch,2,RED,NOTE
33,COMP_2W,BlackSquare_3.jpg,mismatch,2,RED,SQUARE
34,COMP_2W,PinkShoe_2.jpg,match,0,PINK,SHOE
35,COMP_2W,GreenFork_3.jpg,mismatch,1,GREEN,TREE
36,COMP_2W,GreenLock_2.jpg,match,0,GREEN,LOCK
37,LIST_2W,BrownSquare_3.jpg,mismatch,3,CUP,CANE
38,LIST_2W,BrownTree_1.jpg,mismatch,2,PLANE,SQUARE
39,LIST_2W,BrownBoat_3.jpg,match,0,BOAT,DISC
40,LIST_2W,BlueLamp_1.jpg,match,0,BOAT,LAMP
41,LIST_2W,PinkHouse_1.jpg,match,0,BOAT,HOUSE
42,FIX,NA,NA,NA,NA,NA
43,LIST_2W,BrownBoat_3.jpg,mismatch,3,HOUSE,DISC
44,LIST_2W,GreenCross_3.jpg,match,0,CROSS,SQUARE
45,LIST_2W,RedFork_3.jpg,mismatch,3,PLANE,CROSS
46,LIST_2W,BlackBag_2.jpg,match,0,HOUSE,BAG
47,LIST_2W,BlueFlag_3.jpg,mismatch,1,LAMP,BOAT
48,COMP_2W,PinkBow_2.jpg,mismatch,3,BROWN,DISC
49,COMP_2W,RedBone_1.jpg,match,0,RED,BONE
50,COMP_2W,RedBell_2.jpg,match,0,RED,BELL
51,COMP_2W,BlueCup_1.jpg,match,0,BLUE,CUP
52,COMP_2W,BrownLeaf_2.jpg,mismatch,1,BROWN,PLANE
53,COMP_1W,PinkKey_3.jpg,mismatch,1,QXSW,BOAT
54,COMP_1W,RedBone_2.jpg,match,0,RJDNW,BONE
55,COMP_1W,GreenPlane_1.jpg,mismatch,2,XKQ,LEAF
56,COMP_1W,BlackCross_2.jpg,match,0,XKQ,CROSS
57,COMP_1W,GreenLeaf_1.jpg,mismatch,1,MTPV,BONE
58,LIST_1W,BlackPlane_2.jpg,match,0,QXSW,PLANE
59,LIST_1W,BrownPlane_1.jpg,mismatch,3,RJDNW,CAR
60,LIST_1W,RedBow_1.jpg,match,0,MTPV,BOW
61,LIST_1W,BrownShoe_3.jpg,mismatch,3,RJDNW,CROSS
62,LIST_1W,RedFlag_3.jpg,match,0,RJDNW,FLAG
63,FIX,NA,NA,NA,NA,NA
64,COMP_1W,GreenPlane_1.jpg,mismatch,2,XKQ,LEAF
65,COMP_1W,RedCane_2.jpg,mismatch,2,XKQ,NOTE
66,COMP_1W,BrownBag_2.jpg,match,0,RJDNW,BAG
67,COMP_1W,BlackTree_1.jpg,match,0,QXSW,TREE
68,COMP_1W,BrownCross_3.jpg,match,0,ZBXLV,CROSS
69,LIST_2W,RedLeaf_2.jpg,mismatch,2,CUP,TREE
70,LIST_2W,PinkCross_1.jpg,match,0,CROSS,LAMP
71,LIST_2W,RedStar_2.jpg,match,0,HOUSE,STAR
72,LIST_2W,BrownHeart_3.jpg,mismatch,2,HOUSE,LAMP
73,LIST_2W,RedKey_1.jpg,mismatch,1,CROSS,STAR
74,LIST_1W,GreenKey_2.jpg,match,0,QXSW,KEY
75,LIST_1W,BrownTree_1.jpg,mismatch,1,QXSW,BELL
76,LIST_1W,BlueLeaf_2.jpg,match,0,ZBXLV,LEAF
77,LIST_1W,PinkStar_2.jpg,match,0,QXSW,STAR
78,LIST_1W,BrownCane_1.jpg,mismatch,3,RJDNW,LOCK
79,COMP_2W,PinkNote_1.jpg,mismatch,2,BLACK,NOTE
80,COMP_2W,BlackCar_2.jpg,match,0,BLACK,CAR
81,COMP_2W,BlueKey_1.jpg,mismatch,1,BLUE,BOAT
82,COMP_2W,RedStar_3.jpg,mismatch,2,BLUE,STAR
83,COMP_2W,BlueBow_2.jpg,match,0,BLUE,BOW
84,FIX,NA,NA,NA,NA,NA
