,Condition,Image,Match,Mismatch_Type,Word_1st,Word_2nd
0,FIX,NA,NA,NA,NA,NA
1,LIST_1W,BlueFlag_3.jpg,match,0,QXSW,FLAG
2,LIST_1W,PinkFlag_3.jpg,mismatch,1,RJDNW,CUP
3,LIST_1W,RedDisc_2.jpg,mismatch,2,WVCNZ,HEART
4,LIST_1W,PinkLeaf_1.jpg,match,0,XKQ,LEAF
5,LIST_1W,GreenCross_1.jpg,mismatch,2,RJDNW,TREE
6,LIST_2W,BlackCross_2.jpg,match,0,CROSS,CUP
7,LIST_2W,BlueCane_3.jpg,mismatch,1,PLANE,KEY
8,LIST_2W,PinkBell_1.jpg,mismatch,2,HOUSE,NOTE
9,LIST_2W,BlueHouse_2.jpg,match,0,HOUSE,HEART
10,LIST_2W,PinkSquare_1.jpg,mismatch,1,BOAT,DISC
11,COMP_1W,RedKey_1.jpg,mismatch,1,XKQ,FLAG
12,COMP_1W,BrownCup_2.jpg,mismatch,3,ZBXLV,CAR
13,COMP_1W,BlackLock_2.jpg,match,0,WVCNZ,LOCK
14,COMP_1W,BlueLeaf_2.jpg,match,0,ZBXLV,LEAF
15,COMP_1W,BrownStar_1.jpg,match,0,WVCNZ,STAR
16,COMP_2W,RedKey_1.jpg,mismatch,3,BLACK,CAR
17,COMP_2W,RedPlane_1.jpg,match,0,RED,PLANE
18,COMP_2W,BrownLamp_1.jpg,mismatch,2,GREEN,LAMP
19,COMP_2W,RedCross_2.jpg,match,0,RED,CROSS
20,COMP_2W,GreenTree_1.jpg,mismatch,3,RED,BELL
21,FIX,NA,NA,NA,NA,NA
22,LIST_2W,BlueShoe_1.jpg,mismatch,1,CROSS,HEART
23,LIST_2W,BlackBoat_1.jpg,match,0,BOAT,TREE
24,LIST_2W,BrownLeaf_2.jpg,mismatch,2,CUP,LAMP
25,LIST_2W,BlueHouse_2.jpg,match,0,HOUSE,HEART
26,LIST_2W,PinkCane_1.jpg,mismatch,2,HOUSE,SQUARE
27,COMP_2W,RedNote_1.jpg,mismatch,2,BROWN,NOTE
28,COMP_2W,PinkBag_1.jpg,match,0,PINK,BAG
29,COMP_2W,BlackShoe_2.jpg,match,0,BLACK,SHOE
30,COMP_2W,RedCup_3.jpg,mismatch,3,PINK,LEAF
31,COMP_2W,BlackHeart_2.jpg,mismatch,3,BROWN,CAR
32,LIST_1W,PinkCup_2.jpg,match,0,WVCNZ,CUP
33,LIST_1W,GreenBow_3.jpg,mismatch,1,ZBXLV,HEART
34,LIST_1W,BlueLeaf_3.jpg,mismatch,3,ZBXLV,BONE
35,LIST_1W,BlueHand_2.jpg,match,0,RJDNW,HAND
36,LIST_1W,BrownBow_2.jpg,mismatch,2,RJDNW,SQUARE
37,COMP_1W,RedCar_2.jpg,match,0,XKQ,CAR
38,COMP_1W,BrownStar_1.jpg,match,0,WVCNZ,STAR
39,COMP_1W,RedKey_3.jpg,mismatch,3,XKQ,BELL
40,COMP_1W,BlackCar_3.jpg,mismatch,2,QXSW,NOTE
41,COMP_1W,BlueKey_2.jpg,match,0,RJDNW,KEY
42,FIX,NA,NA,NA,NA,NA
43,COMP_1W,BlueNote_3.jpg,match,0,MTPV,NOTE
44,COMP_1W,GreenBag_3.jpg,match,0,WVCNZ,BAG
45,COMP_1W,GreenBone_2.jpg,mismatch,2,WVCNZ,HEART
46,COMP_1W,BlueFork_2.jpg,mismatch,1,WVCNZ,SHOE
47,COMP_1W,PinkLamp_2.jpg,mismatch,3,RJDNW,CROSS
48,LIST_1W,BlackFork_1.jpg,match,0,QXSW,FORK
49,LIST_1W,GreenHeart_3.jpg,mismatch,3,MTPV,LOCK
50,LIST_1W,BlueFork_2.jpg,mismatch,2,MTPV,NOTE
51,LIST_1W,GreenBell_3.jpg,match,0,MTPV,BELL
52,LIST_1W,BlueLeaf_3.jpg,mismatch,3,ZBXLV,BONE
53,COMP_2W,BrownHand_2.jpg,match,0,BROWN,HAND
54,COMP_2W,RedCar_2.jpg,match,0,RED,CAR
55,COMP_2W,RedShoe_3.jpg,mismatch,3,PINK,HAND
56,COMP_2W,BlackBag_2.jpg,match,0,BLACK,BAG
57,COMP_2W,BlackSquare_1.jpg,mismatch,1,BLACK,HEART
58,LIST_2W,RedHouse_2.jpg,match,0,HOUSE,HAND
59,LIST_2W,PinkFlag_1.jpg,match,0,LAMP,FLAG
60,LIST_2W,BlueKey_1.jpg,mismatch,1,BOAT,BONE
61,LIST_2W,BlueBell_3.jpg,match,0,CROSS,BELL
62,LIST_2W,BlueHeart_3.jpg,match,0,BOAT,HEART
63,FIX,NA,NA,NA,NA,NA
64,COMP_2W,PinkPlane_2.jpg,match,0,PINK,PLANE
65,COMP_2W,BlackHouse_1.jpg,mismatch,2,GREEN,HOUSE
66,COMP_2W,GreenNote_3.jpg,mismatch,3,BROWN,BONE
67,COMP_2W,GreenPlane_2.jpg,mismatch,1,GREEN,SHOE
68,COMP_2W,BlackCane_2.jpg,match,0,BLACK,CANE
69,COMP_1W,GreenHand_1.jpg,mismatch,1,RJDNW,FORK
70,COMP_1W,BlackSquare_1.jpg,match,0,QXSW,SQUARE
71,COMP_1W,RedBow_3.jpg,match,0,RJDNW,BOW
72,COMP_1W,BluePlane_2.jpg,mismatch,1,ZBXLV,CUP
73,COMP_1W,PinkCup_3.jpg,mismatch,2,QXSW,STAR
74,LIST_2W,PinkLeaf_3.jpg,mismatch,3,CUP,HOUSE
75,LIST_2W,BlackBoat_1.jpg,match,0,BOAT,CROSS
76,LIST_2W,BlueBoat_2.jpg,mismatch,3,CUP,BELL
77,LIST_2W,BlueBoat_3.jpg,match,0,BOAT,BELL
78,LIST_2W,RedShoe_2.jpg,mismatch,3,LAMP,LOCK
79,LIST_1W,BrownBag_1.jpg,match,0,QXSW,BAG
80,LIST_1W,BlueBag_2.jpg,mismatch,2,ZBXLV,BOW
81,LIST_1W,BlueBone_2.jpg,match,0,WVCNZ,BONE
82,LIST_1W,PinkBow_3.jpg,mismatch,3,XKQ,BAG
83,LIST_1W,GreenCross_1.jpg,mismatch,2,RJDNW,TREE
84,FIX,NA,NA,NA,NA,NA
