,Condition,Image,Match,Mismatch_Type,Word_1st,Word_2nd
0,FIX,NA,NA,NA,NA,NA
1,COMP_1W,RedCane_1.jpg,mismatch,3,QXSW,LAMP
2,COMP_1W,RedCar_1.jpg,match,0,ZBXLV,CAR
3,COMP_1W,BluePlane_1.jpg,match,0,XKQ,PLANE
4,COMP_1W,PinkFork_1.jpg,mismatch,1,WVCNZ,CROSS
5,COMP_1W,BlackLock_1.jpg,mismatch,3,RJDNW,HEART
6,COMP_2W,GreenBow_1.jpg,mismatch,3,GREEN,KEY
7,COMP_2W,BlackLamp_1.jpg,match,0,BLACK,LAMP
8,COMP_2W,BlackTree_2.jpg,mismatch,1,BLACK,LOCK
9,COMP_2W,BrownKey_2.jpg,match,0,BROWN,KEY
10,COMP_2W,BrownBag_2.jpg,match,0,BROWN,BAG
11,LIST_1W,RedCross_3.jpg,match,0,WVCNZ,CROSS
12,LIST_1W,RedBag_2.jpg,match,0,WVCNZ,BAG
13,LIST_1W,BrownCross_1.jpg,mismatch,2,RJDNW,SQUARE
14,LIST_1W,RedLamp_3.jpg,mismatch,3,RJDNW,CAR
15,LIST_1W,GreenLock_1.jpg,match,0,ZBXLV,LOCK
16,LIST_2W,RedKey_1.jpg,mismatch,2,CUP,LEAF
17,LIST_2W,BlackTree_3.jpg,mismatch,2,CUP,STAR
18,LIST_2W,BlackFork_3.jpg,mismatch,3,CROSS,FLAG
19,LIST_2W,BlackCross_2.jpg,match,0,CROSS,DISC
20,LIST_2W,GreenBag_2.jpg,match,0,PLANE,BAG
21,FIX,NA,NA,NA,NA,NA
22,COMP_2W,GreenLeaf_3.jpg,mismatch,2,RED,LEAF
23,COMP_2W,RedNote_1.jpg,mismatch,1,RED,CROSS
24,COMP_2W,RedLamp_2.jpg,match,0,RED,LAMP
25,COMP_2W,BlackSquare_2.jpg,match,0,BLACK,SQUARE
26,COMP_2W,GreenSquare_2.jpg,match,0,GREEN,SQUARE
27,LIST_2W,RedLamp_3.jpg,match,0,LAMP,BOAT
28,LIST_2W,BlackLock_1.jpg,mismatch,2,CUP,TREE
29,LIST_2W,RedLeaf_3.jpg,mismatch,1,CUP,CAR
30,LIST_2W,BlueTree_1.jpg,mismatch,3,HOUSE,FORK
31,LIST_2W,PinkCup_3.jpg,match,0,CUP,CANE
32,COMP_1W,BlueLeaf_3.jpg,match,0,MTPV,LEAF
33,COMP_1W,RedBone_2.jpg,match,0,WVCNZ,BONE
34,COMP_1W,BlueCar_2.jpg,match,0,QXSW,CAR
35,COMP_1W,BrownBell_3.jpg,mismatch,3,MTPV,CUP
36,COMP_1W,BrownCane_3.jpg,mismatch,1,WVCNZ,LOCK
37,LIST_1W,BlackCup_2.jpg,match,0,MTPV,CUP
38,LIST_1W,BlackFlag_2.jpg,mismatch,2,XKQ,DISC
39,LIST_1W,RedCane_2.jpg,mismatch,3,RJDNW,KEY
40,LIST_1W,PinkHand_2.jpg,mismatch,2,XKQ,LEAF
41,LIST_1W,BlackHouse_2.jpg,match,0,MTPV,HOUSE
42,FIX,NA,NA,NA,NA,NA
43,LIST_1W,BlueHeart_2.jpg,mismatch,2,RJDNW,BELL
44,LIST_1W,GreenCar_1.jpg,mismatch,3,MTPV,BONE
45,LIST_1W,PinkShoe_2.jpg,mismatch,2,XKQ,NOTE
46,LIST_1W,GreenShoe_1.jpg,match,0,MTPV,SHOE
47,LIST_1W,BlueBoat_1.jpg,match,0,QXSW,BOAT
48,COMP_1W,BrownHouse_3.jpg,mismatch,2,ZBXLV,LEAF
49,COMP_1W,BlueFork_1.jpg,match,0,ZBXLV,FORK
50,COMP_1W,BlackFlag_1.jpg,match,0,MTPV,FLAG
51,COMP_1W,BlueCup_2.jpg,mismatch,2,ZBXLV,BOAT
52,COMP_1W,RedPlane_2.jpg,mismatch,2,XKQ,NOTE
53,LIST_2W,BrownHouse_1.jpg,match,0,PLANE,HOUSE
54,LIST_2W,BlackBoat_2.jpg,mismatch,1,HOUSE,CANE
55,LIST_2W,RedStar_3.jpg,mismatch,3,PLANE,BELL
56,LIST_2W,PinkPlane_2.jpg,match,0,CUP,PLANE
57,LIST_2W,BlueTree_1.jpg,mismatch,3,HOUSE,FORK
58,COMP_2W,BrownBoat_1.jpg,match,0,BROWN,BOAT
59,COMP_2W,BlackDisc_2.jpg,match,0,BLACK,DISC
60,COMP_2W,BluePlane_1.jpg,mismatch,2,PINK,PLANE
61,COMP_2W,PinkFlag_3.jpg,mismatch,1,PINK,DISC
62,COMP_2W,BlackBag_3.jpg,mismatch,3,BLACK,FLAG
63,FIX,NA,NA,NA,NA,NA
64,LIST_2W,PinkLeaf_1.jpg,match,0,BOAT,LEAF
65,LIST_2W,RedStar_2.jpg,mismatch,3,BOAT,CUP
66,LIST_2W,PinkTree_1.jpg,match,0,BOAT,TREE
67,LIST_2W,RedCane_3.jpg,mismatch,1,CUP,CROSS
68,LIST_2W,BlackStar_3.jpg,mismatch,3,BOAT,LAMP
69,LIST_1W,BlueBow_2.jpg,match,0,ZBXLV,BOW
70,LIST_1W,BrownCross_1.jpg,mismatch,2,RJDNW,SQUARE
71,LIST_1W,PinkBag_2.jpg,match,0,ZBXLV,BAG
72,LIST_1W,RedLock_1.jpg,match,0,XKQ,LOCK
73,LIST_1W,GreenCar_1.jpg,mismatch,3,MTPV,BONE
74,COMP_2W,GreenLeaf_2.jpg,mismatch,3,GREEN,FLAG
75,COMP_2W,PinkTree_2.jpg,mismatch,2,RED,TREE
76,COMP_2W,PinkLeaf_2.jpg,match,0,PINK,LEAF
77,COMP_2W,RedNote_1.jpg,mismatch,1,RED,CROSS
78,COMP_2W,RedCane_1.jpg,match,0,RED,CANE
79,COMP_1W,BrownHouse_1.jpg,mismatch,3,WVCNZ,FORK
80,COMP_1W,BlueBag_3.jpg,mismatch,2,QXSW,PLANE
81,COMP_1W,GreenDisc_3.jpg,match,0,QXSW,DISC
82,COMP_1W,BrownNote_2.jpg,mismatch,3,WVCNZ,HAND
83,COMP_1W,RedBone_2.jpg,match,0,WVCNZ,BONE
84,FIX,NA,NA,NA,NA,NA
