,Condition,Image,Match,Mismatch_Type,Word_1st,Word_2nd
0,FIX,NA,NA,NA,NA,NA
1,COMP_2W,BrownShoe_3.jpg,mismatch,2,PINK,SHOE
2,COMP_2W,BlueLock_3.jpg,mismatch,2,GREEN,LOCK
3,COMP_2W,GreenShoe_2.jpg,match,0,GREEN,SHOE
4,COMP_2W,BlueFork_2.jpg,mismatch,1,BLUE,SHOE
5,COMP_2W,BlueCar_1.jpg,match,0,BLUE,CAR
6,LIST_1W,BrownCross_2.jpg,match,0,MTPV,CROSS
7,LIST_1W,BrownBow_1.jpg,match,0,WVCNZ,BOW
8,LIST_1W,BrownBow_3.jpg,match,0,MTPV,BOW
9,LIST_1W,BrownLock_3.jpg,match,0,MTPV,LOCK
10,LIST_1W,GreenCross_1.jpg,mismatch,1,ZBXLV,NOTE
11,LIST_2W,RedHeart_3.jpg,mismatch,3,BOAT,BONE
12,LIST_2W,PinkBell_1.jpg,mismatch,3,PLANE,DISC
13,LIST_2W,PinkBoat_2.jpg,match,0,BOAT,CAR
14,LIST_2W,RedBone_2.jpg,mismatch,2,CUP,CANE
15,LIST_2W,BlueCar_3.jpg,match,0,LAMP,CAR
16,COMP_1W,GreenCup_1.jpg,match,0,RJDNW,CUP
17,COMP_1W,GreenBag_1.jpg,match,0,QXSW,BAG
18,COMP_1W,BlueCar_3.jpg,mismatch,3,MTPV,DISC
19,COMP_1W,BrownSquare_1.jpg,mismatch,3,XKQ,LEAF
20,COMP_1W,BlueBow_2.jpg,mismatch,3,XKQ,BONE
21,FIX,NA,NA,NA,NA,NA
22,LIST_1W,BlueHand_1.jpg,match,0,XKQ,HAND
23,LIST_1W,BlueShoe_2.jpg,mismatch,3,MTPV,BONE
24,LIST_1W,PinkCross_1.jpg,mismatch,1,RJDNW,LEAF
25,LIST_1W,GreenCar_1.jpg,mismatch,3,QXSW,DISC
26,LIST_1W,GreenHand_2.jpg,match,0,QXSW,HAND
27,COMP_1W,PinkLamp_2.jpg,match,0,XKQ,LAMP
28,COMP_1W,BrownCar_1.jpg,mismatch,3,WVCNZ,KEY
29,COMP_1W,RedFlag_3.jpg,mismatch,2,RJDNW,CANE
30,COMP_1W,PinkBoat_2.jpg,mismatch,1,WVCNZ,PLANE
31,COMP_1W,PinkBone_3.jpg,match,0,QXSW,BONE
32,COMP_2W,PinkFork_3.jpg,mismatch,2,BROWN,FORK
33,COMP_2W,RedTree_3.jpg,match,0,RED,TREE
34,COMP_2W,BrownSquare_2.jpg,mismatch,2,PINK,SQUARE
35,COMP_2W,PinkDisc_1.jpg,mismatch,3,PINK,TREE
36,COMP_2W,BlackBone_3.jpg,match,0,BLACK,BONE
37,LIST_2W,BlackTree_3.jpg,match,0,CUP,TREE
38,LIST_2W,RedHeart_3.jpg,mismatch,3,BOAT,BONE
39,LIST_2W,BlueBell_3.jpg,mismatch,3,CUP,SQUARE
40,LIST_2W,BlueDisc_1.jpg,mismatch,3,CUP,BONE
41,LIST_2W,BrownCane_3.jpg,match,0,BOAT,CANE
42,FIX,NA,NA,NA,NA,NA
43,LIST_2W,RedPlane_2.jpg,match,0,PLANE,SHOE
44,LIST_2W,RedBone_2.jpg,mismatch,2,CUP,CANE
45,LIST_2W,GreenCross_1.jpg,match,0,CROSS,CUP
46,LIST_2W,BlueCup_1.jpg,match,0,CUP,NOTE
47,LIST_2W,BlueNote_1.jpg,mismatch,1,HOUSE,TREE
48,COMP_2W,BlueBow_2.jpg,match,0,BLUE,BOW
49,COMP_2W,PinkBone_3.jpg,match,0,PINK,BONE
50,COMP_2W,RedNote_2.jpg,match,0,RED,NOTE
51,COMP_2W,BrownSquare_2.jpg,mismatch,2,PINK,SQUARE
52,COMP_2W,RedBow_2.jpg,mismatch,2,RED,BOW
53,COMP_1W,BrownLeaf_3.jpg,match,0,MTPV,LEAF
54,COMP_1W,PinkHouse_1.jpg,match,0,MTPV,HOUSE
55,COMP_1W,BlackBoat_2.jpg,match,0,WVCNZ,BOAT
56,COMP_1W,BrownHand_1.jpg,mismatch,1,MTPV,LAMP
57,COMP_1W,BlackBell_1.jpg,match,0,RJDNW,BELL
58,LIST_1W,GreenCar_2.jpg,mismatch,3,WVCNZ,NOTE
59,LIST_1W,BrownCup_3.jpg,match,0,ZBXLV,CUP
60,LIST_1W,BlueKey_2.jpg,match,0,MTPV,KEY
61,LIST_1W,BlackBone_1.jpg,mismatch,3,WVCNZ,BAG
62,LIST_1W,BlackDisc_3.jpg,mismatch,2,ZBXLV,CANE
63,FIX,NA,NA,NA,NA,NA
64,COMP_1W,GreenStar_3.jpg,match,0,WVCNZ,STAR
65,COMP_1W,GreenCross_1.jpg,mismatch,3,RJDNW,BAG
66,COMP_1W,BlackHeart_2.jpg,mismatch,2,XKQ,CANE
67,COMP_1W,GreenCup_1.jpg,match,0,RJDNW,CUP
68,COMP_1W,GreenKey_1.jpg,mismatch,1,RJDNW,TREE
69,LIST_2W,GreenBell_2.jpg,mismatch,3,CROSS,BOW
70,LIST_2W,RedPlane_2.jpg,match,0,PLANE,SHOE
71,LIST_2W,BlackBag_3.jpg,match,0,PLANE,BAG
72,LIST_2W,PinkCup_3.jpg,mismatch,3,PLANE,HAND
73,LIST_2W,BlackBag_2.jpg,mismatch,3,HOUSE,KEY
74,LIST_1W,BlueTree_3.jpg,match,0,WVCNZ,TREE
75,LIST_1W,BlueLock_1.jpg,mismatch,1,QXSW,LAMP
76,LIST_1W,RedFlag_3.jpg,mismatch,2,ZBXLV,CAR
77,LIST_1W,GreenLamp_2.jpg,match,0,XKQ,LAMP
78,LIST_1W,GreenCup_1.jpg,mismatch,3,ZBXLV,HOUSE
79,COMP_2W,GreenBoat_2.jpg,match,0,GREEN,BOAT
80,COMP_2W,PinkBone_3.jpg,mismatch,3,PINK,FLAG
81,COMP_2W,PinkLamp_2.jpg,mismatch,1,PINK,CUP
82,COMP_2W,BlueLock_1.jpg,match,0,BLUE,LOCK
83,COMP_2W,GreenShoe_2.jpg,match,0,GREEN,SHOE
84,FIX,NA,NA,NA,NA,NA
