,Condition,Image,Match,Mismatch_Type,Word_1st,Word_2nd
0,FIX,NA,NA,NA,NA,NA
1,COMP_2W,GreenTree_1.jpg,match,0,GREEN,TREE
2,COMP_2W,RedFork_1.jpg,match,0,RED,FORK
3,COMP_2W,BlueBone_1.jpg,mismatch,3,GREEN,BOAT
4,COMP_2W,GreenBow_3.jpg,match,0,GREEN,BOW
5,COMP_2W,BlackKey_1.jpg,mismatch,2,GREEN,KEY
6,LIST_1W,BlueLock_3.jpg,mismatch,3,RJDNW,SQUARE
7,LIST_1W,PinkDisc_1.jpg,mismatch,1,MTPV,CAR
8,LIST_1W,BrownBow_2.jpg,mismatch,2,ZBXLV,FORK
9,LIST_1W,RedBag_2.jpg,match,0,XKQ,BAG
10,LIST_1W,BrownFork_3.jpg,match,0,XKQ,FORK
11,LIST_2W,BlueCross_2.jpg,match,0,CROSS,STAR
12,LIST_2W,BrownBow_2.jpg,match,0,HOUSE,BOW
13,LIST_2W,BlueLamp_2.jpg,match,0,LAMP,CROSS
14,LIST_2W,BlueBoat_1.jpg,mismatch,1,CUP,NOTE
15,LIST_2W,RedCross_3.jpg,match,0,CROSS,LOCK
16,COMP_1W,BlackFlag_3.jpg,mismatch,3,QXSW,NOTE
17,COMP_1W,BlackPlane_1.jpg,mismatch,2,XKQ,LOCK
18,COMP_1W,PinkBag_3.jpg,match,0,MTPV,BAG
19,COMP_1W,PinkBell_3.jpg,match,0,XKQ,BELL
20,COMP_1W,PinkFork_2.jpg,match,0,ZBXLV,FORK
21,FIX,NA,NA,NA,NA,NA
22,LIST_1W,BlueNote_1.jpg,mismatch,3,QXSW,BOW
23,LIST_1W,BrownShoe_3.jpg,match,0,WVCNZ,SHOE
24,LIST_1W,BlackCross_2.jpg,match,0,MTPV,CROSS
25,LIST_1W,PinkCar_2.jpg,match,0,ZBXLV,CAR
26,LIST_1W,GreenStar_2.jpg,mismatch,1,WVCNZ,BAG
27,COMP_1W,BlackFlag_3.jpg,mismatch,3,QXSW,NOTE
28,COMP_1W,GreenHeart_1.jpg,match,0,MTPV,HEART
29,COMP_1W,BlackStar_2.jpg,match,0,MTPV,STAR
30,COMP_1W,RedPlane_2.jpg,mismatch,1,ZBXLV,BAG
31,COMP_1W,BrownLeaf_1.jpg,mismatch,1,MTPV,SHOE
32,COMP_2W,PinkBow_3.jpg,mismatch,3,PINK,NOTE
33,COMP_2W,RedBell_1.jpg,match,0,RED,BELL
34,COMP_2W,BlueNote_3.jpg,match,0,BLUE,NOTE
35,COMP_2W,GreenKey_3.jpg,mismatch,2,PINK,KEY
36,COMP_2W,BlackShoe_1.jpg,match,0,BLACK,SHOE
37,LIST_2W,GreenFlag_3.jpg,mismatch,2,HOUSE,FORK
38,LIST_2W,BlueCar_2.jpg,mismatch,3,PLANE,LOCK
39,LIST_2W,RedPlane_3.jpg,match,0,PLANE,HAND
40,LIST_2W,BlueKey_2.jpg,mismatch,1,CROSS,BELL
41,LIST_2W,BlackCross_2.jpg,match,0,CROSS,PLANE
42,FIX,NA,NA,NA,NA,NA
43,LIST_2W,BlueHouse_3.jpg,match,0,HOUSE,LAMP
44,LIST_2W,BlueNote_3.jpg,mismatch,3,CUP,HAND
45,LIST_2W,BlueNote_3.jpg,mismatch,3,HOUSE,BOAT
46,LIST_2W,BlueTree_2.jpg,match,0,PLANE,TREE
47,LIST_2W,BlackHand_2.jpg,mismatch,1,LAMP,SHOE
48,COMP_2W,PinkCross_3.jpg,match,0,PINK,CROSS
49,COMP_2W,BlueTree_2.jpg,mismatch,1,BLUE,DISC
50,COMP_2W,GreenLamp_3.jpg,mismatch,2,PINK,LAMP
51,COMP_2W,BlackStar_1.jpg,match,0,BLACK,STAR
52,COMP_2W,BlueBone_2.jpg,mismatch,1,BLUE,SQUARE
53,COMP_1W,BlueCross_1.jpg,match,0,QXSW,CROSS
54,COMP_1W,BlueBag_2.jpg,match,0,XKQ,BAG
55,COMP_1W,BlackBone_2.jpg,mismatch,1,MTPV,PLANE
56,COMP_1W,BlackPlane_1.jpg,match,0,ZBXLV,PLANE
57,COMP_1W,BlueBow_3.jpg,match,0,XKQ,BOW
58,LIST_1W,GreenDisc_2.jpg,mismatch,3,RJDNW,HEART
59,LIST_1W,BrownShoe_2.jpg,mismatch,1,WVCNZ,LEAF
60,LIST_1W,PinkNote_2.jpg,match,0,WVCNZ,NOTE
61,LIST_1W,BrownNote_2.jpg,match,0,QXSW,NOTE
62,LIST_1W,PinkHand_2.jpg,mismatch,2,XKQ,SHOE
63,FIX,NA,NA,NA,NA,NA
64,COMP_1W,GreenKey_2.jpg,mismatch,3,RJDNW,HEART
65,COMP_1W,PinkNote_3.jpg,match,0,MTPV,NOTE
66,COMP_1W,PinkHand_1.jpg,mismatch,2,QXSW,KEY
67,COMP_1W,RedLamp_1.jpg,match,0,XKQ,LAMP
68,COMP_1W,BlackStar_2.jpg,mismatch,3,RJDNW,LAMP
69,LIST_2W,BrownLamp_1.jpg,match,0,LAMP,HEART
70,LIST_2W,BlueSquare_3.jpg,mismatch,3,BOAT,CROSS
71,LIST_2W,BrownNote_3.jpg,match,0,BOAT,NOTE
72,LIST_2W,PinkCross_1.jpg,match,0,CROSS,BONE
73,LIST_2W,PinkLock_3.jpg,mismatch,2,CROSS,LEAF
74,LIST_1W,BlueFork_2.jpg,match,0,WVCNZ,FORK
75,LIST_1W,RedKey_2.jpg,match,0,MTPV,KEY
76,LIST_1W,GreenFlag_2.jpg,mismatch,2,WVCNZ,TREE
77,LIST_1W,BlackBoat_1.jpg,match,0,XKQ,BOAT
78,LIST_1W,BlueDisc_3.jpg,match,0,RJDNW,DISC
79,COMP_2W,PinkHeart_2.jpg,mismatch,3,GREEN,FLAG
80,COMP_2W,BlackShoe_1.jpg,match,0,BLACK,SHOE
81,COMP_2W,RedBone_3.jpg,match,0,RED,BONE
82,COMP_2W,GreenTree_1.jpg,match,0,GREEN,TREE
83,COMP_2W,BlueLeaf_3.jpg,match,0,BLUE,LEAF
84,FIX,NA,NA,NA,NA,NA
