,Word_1st,Word_2nd,Condition,Match,Mismatch_Type,Image,ISI
0,XKQ,FLAG,COMP_1W,match,0,PinkFlag_3.jpg,200
1,BROWN,CUP,COMP_2W,match,0,BrownCup_1.jpg,400
2,WVCNZ,LAMP,COMP_1W,mismatch,3,BlueNote_3.jpg,500
3,BROWN,LEAF,COMP_2W,mismatch,2,PinkLeaf_3.jpg,600
4,RJDNW,CUP,COMP_1W,match,0,BlackCup_3.jpg,600
5,GREEN,CANE,COMP_2W,match,0,GreenCane_1.jpg,300
6,GREEN,LOCK,COMP_2W,match,0,GreenLock_2.jpg,200
7,XKQ,BOAT,COMP_1W,match,0,BrownBoat_2.jpg,200
8,QXSW,HOUSE,COMP_1W,mismatch,2,BlueBow_2.jpg,200
9,ZBXLV,CAR,COMP_1W,mismatch,2,BrownCane_2.jpg,400
10,BROWN,SHOE,COMP_2W,match,0,BrownShoe_3.jpg,300
11,RJDNW,LEAF,COMP_1W,mismatch,3,BlackSquare_2.jpg,300
12,MTPV,TREE,COMP_1W,mismatch,3,BrownFlag_1.jpg,500
13,XKQ,CAR,COMP_1W,match,0,PinkCar_2.jpg,500
14,RED,BOAT,COMP_2W,match,0,RedBoat_1.jpg,500
15,RJDNW,KEY,COMP_1W,mismatch,3,GreenFlag_2.jpg,600
16,BLUE,PLANE,COMP_2W,mismatch,2,BlackPlane_2.jpg,300
17,WVCNZ,LEAF,COMP_1W,match,0,BrownLeaf_1.jpg,500
18,WVCNZ,LOCK,COMP_1W,match,0,BrownLock_1.jpg,500
19,BLUE,STAR,COMP_2W,mismatch,3,GreenShoe_3.jpg,500
20,ZBXLV,BOAT,COMP_1W,match,0,GreenBoat_2.jpg,400
21,BLACK,BOW,COMP_2W,match,0,BlackBow_2.jpg,500
22,XKQ,BONE,COMP_1W,match,0,BlueBone_2.jpg,600
23,BLACK,HAND,COMP_2W,match,0,BlackHand_2.jpg,500
24,BROWN,CROSS,COMP_2W,mismatch,3,RedLeaf_3.jpg,500
25,GREEN,HAND,COMP_2W,mismatch,3,PinkBoat_1.jpg,200
26,MTPV,FLAG,COMP_1W,mismatch,3,GreenHouse_2.jpg,500
27,RJDNW,FLAG,COMP_1W,match,0,BlackFlag_1.jpg,400
28,PINK,DISC,COMP_2W,mismatch,2,PinkDisc_1.jpg,600
29,WVCNZ,SQUARE,COMP_1W,mismatch,1,BrownDisc_3.jpg,600
30,RED,DISC,COMP_2W,match,0,RedDisc_1.jpg,400
31,XKQ,BAG,COMP_1W,mismatch,1,PinkPlane_1.jpg,600
32,BROWN,CAR,COMP_2W,mismatch,2,GreenCar_2.jpg,400
33,ZBXLV,HAND,COMP_1W,match,0,PinkHand_2.jpg,400
34,QXSW,NOTE,COMP_1W,match,0,GreenNote_1.jpg,300
35,GREEN,STAR,COMP_2W,match,0,GreenStar_2.jpg,200
36,QXSW,SHOE,COMP_1W,match,0,BlueShoe_1.jpg,600
37,GREEN,CROSS,COMP_2W,mismatch,2,BlackCross_1.jpg,500
38,XKQ,HAND,COMP_1W,match,0,PinkHand_1.jpg,300
39,BROWN,HEART,COMP_2W,mismatch,1,BrownNote_1.jpg,200
40,BLACK,CAR,COMP_2W,match,0,BlackCar_2.jpg,500
41,RJDNW,CANE,COMP_1W,match,0,GreenCane_1.jpg,300
42,PINK,KEY,COMP_2W,mismatch,1,PinkBoat_3.jpg,600
43,BLUE,TREE,COMP_2W,match,0,BlueTree_3.jpg,300
44,RJDNW,LOCK,COMP_1W,mismatch,2,BlackBow_3.jpg,600
45,BLUE,BAG,COMP_2W,mismatch,2,RedBag_3.jpg,200
46,BLUE,HOUSE,COMP_2W,mismatch,1,BlueBag_3.jpg,400
47,ZBXLV,PLANE,COMP_1W,match,0,BlackPlane_2.jpg,300
48,PINK,HAND,COMP_2W,mismatch,1,PinkLock_3.jpg,300
49,QXSW,FLAG,COMP_1W,mismatch,1,BrownBone_2.jpg,200
50,MTPV,HEART,COMP_1W,match,0,GreenHeart_2.jpg,300
51,GREEN,CROSS,COMP_2W,mismatch,2,BlackCross_1.jpg,400
52,BLACK,BELL,COMP_2W,match,0,BlackBell_2.jpg,600
53,MTPV,LEAF,COMP_1W,match,0,BlackLeaf_1.jpg,200
54,PINK,NOTE,COMP_2W,match,0,PinkNote_1.jpg,300
55,QXSW,BONE,COMP_1W,mismatch,2,GreenNote_1.jpg,600
56,QXSW,SHOE,COMP_1W,match,0,BlueShoe_1.jpg,500
57,ZBXLV,STAR,COMP_1W,mismatch,3,PinkBag_3.jpg,300
58,BROWN,LAMP,COMP_2W,match,0,BrownLamp_2.jpg,400
59,QXSW,BELL,COMP_1W,mismatch,3,BlueBag_2.jpg,300
60,BROWN,SHOE,COMP_2W,match,0,BrownShoe_3.jpg,600
61,PINK,HEART,COMP_2W,mismatch,3,RedPlane_3.jpg,300
62,QXSW,CUP,COMP_1W,mismatch,1,RedCane_2.jpg,400
63,ZBXLV,BOAT,COMP_1W,match,0,GreenBoat_2.jpg,200
64,BLACK,BOW,COMP_2W,match,0,BlackBow_2.jpg,500
65,GREEN,SHOE,COMP_2W,mismatch,3,BlackDisc_3.jpg,500
66,BLACK,BAG,COMP_2W,match,0,BlackBag_2.jpg,200
67,RJDNW,NOTE,COMP_1W,mismatch,3,BlueFlag_3.jpg,200
68,BROWN,HEART,COMP_2W,mismatch,1,BrownNote_1.jpg,200
69,MTPV,KEY,COMP_1W,match,0,PinkKey_3.jpg,500
70,RED,PLANE,COMP_2W,mismatch,2,PinkPlane_2.jpg,400
71,BROWN,FORK,COMP_2W,match,0,BrownFork_3.jpg,400
72,PINK,STAR,COMP_2W,match,0,PinkStar_2.jpg,600
73,MTPV,LOCK,COMP_1W,mismatch,1,BlueLamp_2.jpg,400
74,RED,CROSS,COMP_2W,match,0,RedCross_1.jpg,300
75,ZBXLV,FORK,COMP_1W,match,0,PinkFork_1.jpg,400
76,XKQ,CANE,COMP_1W,mismatch,3,PinkNote_1.jpg,300
77,WVCNZ,SQUARE,COMP_1W,mismatch,1,BrownDisc_3.jpg,400
78,PINK,LOCK,COMP_2W,mismatch,1,PinkFlag_3.jpg,300
79,QXSW,CANE,COMP_1W,match,0,BrownCane_1.jpg,400
80,RED,LAMP,COMP_2W,mismatch,1,RedHeart_3.jpg,300
81,BLACK,DISC,COMP_2W,match,0,BlackDisc_2.jpg,600
82,BLACK,HOUSE,COMP_2W,match,0,BlackHouse_1.jpg,200
83,RJDNW,NOTE,COMP_1W,mismatch,3,BlueFlag_3.jpg,400
84,BROWN,BONE,COMP_2W,match,0,BrownBone_1.jpg,200
85,BROWN,NOTE,COMP_2W,mismatch,2,RedNote_2.jpg,500
86,RJDNW,CUP,COMP_1W,match,0,BlackCup_3.jpg,600
87,BROWN,BOAT,COMP_2W,mismatch,2,BlackBoat_2.jpg,600
88,RJDNW,BOW,COMP_1W,mismatch,3,BrownLeaf_2.jpg,300
89,ZBXLV,BONE,COMP_1W,mismatch,3,BlackBoat_3.jpg,500
90,RED,HEART,COMP_2W,match,0,RedHeart_2.jpg,400
91,MTPV,BOW,COMP_1W,match,0,BlackBow_1.jpg,200
92,BROWN,STAR,COMP_2W,mismatch,3,GreenTree_3.jpg,200
93,XKQ,BAG,COMP_1W,mismatch,1,PinkPlane_1.jpg,200
94,BLUE,DISC,COMP_2W,mismatch,1,BlueFlag_3.jpg,400
95,MTPV,CAR,COMP_1W,mismatch,1,BlueNote_2.jpg,500
96,BLUE,BOW,COMP_2W,match,0,BlueBow_1.jpg,600
97,BLUE,CUP,COMP_2W,mismatch,1,BlueShoe_2.jpg,600
98,ZBXLV,BOW,COMP_1W,mismatch,3,BrownLock_2.jpg,200
99,ZBXLV,BAG,COMP_1W,match,0,RedBag_3.jpg,600
