,Word_1st,Word_2nd,Condition,Match,Mismatch_Type,Image,ISI
0,XKQ,SQUARE,LIST_1W,mismatch,3,BrownNote_2.jpg,600
1,HOUSE,FLAG,LIST_2W,match,0,PinkFlag_1.jpg,200
2,XKQ,CROSS,LIST_1W,match,0,GreenCross_1.jpg,200
3,PLANE,FORK,LIST_2W,mismatch,2,PinkHeart_2.jpg,400
4,QXSW,DISC,LIST_1W,mismatch,3,GreenBone_3.jpg,400
5,CROSS,LEAF,LIST_2W,match,0,BlueLeaf_3.jpg,300
6,RJDNW,CUP,LIST_1W,match,0,BrownCup_3.jpg,300
7,RJDNW,FORK,LIST_1W,match,0,GreenFork_2.jpg,600
8,ZBXLV,HOUSE,LIST_1W,mismatch,2,BlackShoe_1.jpg,500
9,LAMP,HEART,LIST_2W,match,0,BrownLamp_1.jpg,600
10,XKQ,BOW,LIST_1W,match,0,BrownBow_3.jpg,200
11,RJDNW,NOTE,LIST_1W,mismatch,3,RedHouse_3.jpg,500
12,CUP,HEART,LIST_2W,match,0,RedHeart_1.jpg,300
13,WVCNZ,SHOE,LIST_1W,match,0,BlueShoe_3.jpg,200
14,PLANE,HEART,LIST_2W,mismatch,3,GreenShoe_3.jpg,400
15,BOAT,KEY,LIST_2W,mismatch,1,PinkBell_1.jpg,600
16,XKQ,LAMP,LIST_1W,match,0,GreenLamp_2.jpg,300
17,LAMP,STAR,LIST_2W,mismatch,3,GreenLock_1.jpg,600
18,WVCNZ,BELL,LIST_1W,mismatch,1,GreenHeart_2.jpg,200
19,BOAT,DISC,LIST_2W,match,0,BlueBoat_1.jpg,500
20,QXSW,BONE,LIST_1W,mismatch,3,PinkTree_1.jpg,400
21,CUP,CANE,LIST_2W,match,0,BlackCup_2.jpg,300
22,LAMP,BONE,LIST_2W,match,0,BrownLamp_1.jpg,400
23,WVCNZ,STAR,LIST_1W,match,0,BlueStar_1.jpg,300
24,LAMP,BELL,LIST_2W,mismatch,3,GreenHouse_1.jpg,500
25,HOUSE,PLANE,LIST_2W,mismatch,3,RedBell_1.jpg,600
26,WVCNZ,NOTE,LIST_1W,match,0,BrownNote_3.jpg,400
27,LAMP,PLANE,LIST_2W,match,0,BrownPlane_2.jpg,300
28,ZBXLV,BAG,LIST_1W,match,0,GreenBag_1.jpg,500
29,MTPV,FLAG,LIST_1W,mismatch,1,BrownBag_2.jpg,300
30,LAMP,SHOE,LIST_2W,match,0,GreenShoe_3.jpg,400
31,QXSW,LOCK,LIST_1W,mismatch,3,BlueHeart_1.jpg,200
32,BOAT,LEAF,LIST_2W,mismatch,3,BrownStar_3.jpg,400
33,WVCNZ,TREE,LIST_1W,match,0,BlueTree_2.jpg,400
34,HOUSE,DISC,LIST_2W,mismatch,2,PinkCup_1.jpg,500
35,RJDNW,LAMP,LIST_1W,match,0,GreenLamp_3.jpg,200
36,RJDNW,STAR,LIST_1W,mismatch,1,PinkHeart_1.jpg,200
37,PLANE,CAR,LIST_2W,mismatch,1,PinkBag_2.jpg,600
38,LAMP,TREE,LIST_2W,mismatch,2,BlueStar_3.jpg,300
39,CUP,NOTE,LIST_2W,match,0,BlackCup_3.jpg,400
40,MTPV,BOAT,LIST_1W,match,0,BlueBoat_2.jpg,400
41,HOUSE,HAND,LIST_2W,mismatch,1,RedLock_1.jpg,600
42,CUP,BOAT,LIST_2W,match,0,GreenBoat_3.jpg,200
43,ZBXLV,TREE,LIST_1W,mismatch,1,BrownBag_3.jpg,300
44,ZBXLV,STAR,LIST_1W,match,0,RedStar_1.jpg,500
45,BOAT,BOW,LIST_2W,mismatch,1,RedCup_3.jpg,200
46,MTPV,HOUSE,LIST_1W,match,0,PinkHouse_1.jpg,400
47,CROSS,LOCK,LIST_2W,match,0,BlueCross_1.jpg,300
48,WVCNZ,SQUARE,LIST_1W,mismatch,2,BrownNote_3.jpg,400
49,CROSS,HOUSE,LIST_2W,match,0,BlueHouse_1.jpg,500
50,ZBXLV,KEY,LIST_1W,match,0,BrownKey_2.jpg,400
51,RJDNW,HEART,LIST_1W,mismatch,1,BrownLock_3.jpg,600
52,CROSS,FLAG,LIST_2W,match,0,GreenCross_2.jpg,600
53,QXSW,FLAG,LIST_1W,mismatch,3,PinkFork_3.jpg,600
54,XKQ,BONE,LIST_1W,mismatch,3,RedLock_3.jpg,300
55,RJDNW,HAND,LIST_1W,match,0,BlueHand_1.jpg,600
56,BOAT,CAR,LIST_2W,match,0,GreenBoat_1.jpg,600
57,PLANE,BOAT,LIST_2W,mismatch,3,RedBell_2.jpg,400
58,WVCNZ,CAR,LIST_1W,match,0,RedCar_3.jpg,600
59,CROSS,SQUARE,LIST_2W,match,0,GreenCross_1.jpg,200
60,WVCNZ,CUP,LIST_1W,mismatch,1,PinkSquare_3.jpg,200
61,BOAT,NOTE,LIST_2W,mismatch,2,BlackDisc_1.jpg,300
62,PLANE,SHOE,LIST_2W,mismatch,1,PinkLamp_3.jpg,300
63,HOUSE,CANE,LIST_2W,match,0,RedCane_1.jpg,400
64,ZBXLV,CROSS,LIST_1W,match,0,RedCross_1.jpg,500
65,HOUSE,BAG,LIST_2W,mismatch,2,PinkCar_2.jpg,500
66,MTPV,CUP,LIST_1W,match,0,GreenCup_2.jpg,200
67,XKQ,BAG,LIST_1W,mismatch,1,RedPlane_2.jpg,200
68,ZBXLV,HAND,LIST_1W,mismatch,2,BlueBoat_1.jpg,400
69,PLANE,BELL,LIST_2W,match,0,BlueBell_1.jpg,200
70,XKQ,LEAF,LIST_1W,match,0,BlackLeaf_2.jpg,600
71,PLANE,LOCK,LIST_2W,mismatch,2,BlueFlag_2.jpg,300
72,WVCNZ,LAMP,LIST_1W,mismatch,2,RedKey_1.jpg,600
73,XKQ,SHOE,LIST_1W,mismatch,1,BrownLamp_2.jpg,400
74,CROSS,BONE,LIST_2W,match,0,BrownBone_2.jpg,200
75,CROSS,FORK,LIST_2W,match,0,BrownFork_2.jpg,500
76,CUP,HAND,LIST_2W,match,0,PinkHand_1.jpg,600
77,MTPV,TREE,LIST_1W,match,0,BrownTree_2.jpg,500
78,CUP,PLANE,LIST_2W,mismatch,2,BrownNote_1.jpg,500
79,QXSW,BAG,LIST_1W,match,0,RedBag_2.jpg,300
80,LAMP,CANE,LIST_2W,mismatch,2,BlackSquare_3.jpg,400
81,HOUSE,CUP,LIST_2W,mismatch,1,PinkSquare_3.jpg,500
82,ZBXLV,LAMP,LIST_1W,mismatch,3,BrownSquare_3.jpg,500
83,CUP,BELL,LIST_2W,match,0,BrownCup_2.jpg,400
84,MTPV,BOW,LIST_1W,match,0,PinkBow_2.jpg,500
85,RJDNW,CROSS,LIST_1W,mismatch,2,GreenNote_3.jpg,500
86,CROSS,CANE,LIST_2W,mismatch,2,BrownFlag_3.jpg,200
87,LAMP,HOUSE,LIST_2W,mismatch,3,RedBoat_3.jpg,200
88,HOUSE,BOAT,LIST_2W,mismatch,1,RedLock_2.jpg,200
89,QXSW,SQUARE,LIST_1W,match,0,PinkSquare_3.jpg,600
90,RJDNW,LEAF,LIST_1W,mismatch,3,BlackSquare_3.jpg,300
91,BOAT,PLANE,LIST_2W,match,0,BrownBoat_3.jpg,500
92,QXSW,KEY,LIST_1W,match,0,GreenKey_1.jpg,300
93,CUP,LOCK,LIST_2W,match,0,BlueLock_1.jpg,500
94,PLANE,KEY,LIST_2W,mismatch,3,GreenCup_2.jpg,300
95,CUP,DISC,LIST_2W,match,0,BrownDisc_1.jpg,600
96,MTPV,CROSS,LIST_1W,mismatch,1,GreenCane_1.jpg,500
97,ZBXLV,CAR,LIST_1W,mismatch,3,BrownSquare_1.jpg,300
98,BOAT,FORK,LIST_2W,mismatch,2,BlackBell_3.jpg,200
99,ZBXLV,BOW,LIST_1W,mismatch,2,BlackCross_1.jpg,600
