,Word_1st,Word_2nd,Condition,Match,Mismatch_Type,Image,ISI
0,GREEN,LOCK,COMP_2W,match,0,GreenLock_2.jpg,600
1,XKQ,FORK,COMP_1W,match,0,GreenFork_3.jpg,500
2,ZBXLV,PLANE,COMP_1W,match,0,PinkPlane_2.jpg,200
3,BLUE,CUP,COMP_2W,mismatch,1,BlueStar_2.jpg,200
4,XKQ,BOAT,COMP_1W,mismatch,1,RedHeart_3.jpg,500
5,RED,HEART,COMP_2W,match,0,RedHeart_3.jpg,300
6,RJDNW,KEY,COMP_1W,match,0,BrownKey_2.jpg,400
7,QXSW,PLANE,COMP_1W,mismatch,3,BrownFork_1.jpg,300
8,BROWN,BELL,COMP_2W,mismatch,2,BrownBell_3.jpg,600
9,MTPV,FLAG,COMP_1W,mismatch,2,BlueHand_2.jpg,200
10,MTPV,HAND,COMP_1W,match,0,BlueHand_3.jpg,400
11,ZBXLV,FLAG,COMP_1W,match,0,RedFlag_2.jpg,600
12,RED,HAND,COMP_2W,match,0,RedHand_1.jpg,400
13,BROWN,DISC,COMP_2W,match,0,BrownDisc_3.jpg,600
14,BROWN,BOW,COMP_2W,mismatch,3,RedStar_2.jpg,500
15,QXSW,BOAT,COMP_1W,match,0,BlackBoat_2.jpg,600
16,QXSW,FLAG,COMP_1W,mismatch,1,BlackHouse_1.jpg,600
17,BLACK,CUP,COMP_2W,match,0,BlackCup_3.jpg,300
18,BLACK,SHOE,COMP_2W,match,0,BlackShoe_3.jpg,500
19,ZBXLV,LAMP,COMP_1W,mismatch,3,BrownLeaf_3.jpg,600
20,RED,KEY,COMP_2W,match,0,RedKey_1.jpg,200
21,GREEN,BAG,COMP_2W,match,0,GreenBag_3.jpg,500
22,MTPV,STAR,COMP_1W,mismatch,2,BlueHouse_3.jpg,300
23,GREEN,CUP,COMP_2W,match,0,GreenCup_3.jpg,600
24,GREEN,LEAF,COMP_2W,mismatch,1,GreenFlag_3.jpg,400
25,GREEN,TREE,COMP_2W,mismatch,3,RedCross_2.jpg,300
26,XKQ,SQUARE,COMP_1W,mismatch,1,RedCane_3.jpg,200
27,QXSW,FORK,COMP_1W,mismatch,2,BlackCane_3.jpg,300
28,BLUE,BELL,COMP_2W,match,0,BlueBell_2.jpg,500
29,WVCNZ,CANE,COMP_1W,mismatch,3,BluePlane_3.jpg,200
30,MTPV,BAG,COMP_1W,match,0,GreenBag_3.jpg,300
31,BLACK,TREE,COMP_2W,mismatch,1,BlackShoe_1.jpg,300
32,PINK,PLANE,COMP_2W,mismatch,2,BrownPlane_2.jpg,400
33,RED,BONE,COMP_2W,match,0,RedBone_3.jpg,300
34,ZBXLV,DISC,COMP_1W,mismatch,2,GreenSquare_2.jpg,600
35,BLUE,HEART,COMP_2W,mismatch,2,BlueHeart_1.jpg,500
36,MTPV,BELL,COMP_1W,match,0,BrownBell_2.jpg,400
37,RJDNW,LAMP,COMP_1W,match,0,BrownLamp_2.jpg,500
38,XKQ,SHOE,COMP_1W,match,0,RedShoe_2.jpg,600
39,BLACK,NOTE,COMP_2W,mismatch,3,BrownFork_2.jpg,300
40,BROWN,CANE,COMP_2W,match,0,BrownCane_1.jpg,200
41,PINK,NOTE,COMP_2W,match,0,PinkNote_3.jpg,500
42,RJDNW,FORK,COMP_1W,mismatch,1,BlackBag_1.jpg,500
43,WVCNZ,FLAG,COMP_1W,match,0,BrownFlag_2.jpg,600
44,MTPV,CANE,COMP_1W,match,0,RedCane_2.jpg,200
45,BLACK,BOAT,COMP_2W,match,0,BlackBoat_1.jpg,200
46,PINK,SHOE,COMP_2W,mismatch,3,BrownBone_1.jpg,400
47,XKQ,STAR,COMP_1W,match,0,RedStar_3.jpg,600
48,RED,DISC,COMP_2W,mismatch,1,RedBoat_1.jpg,200
49,BLACK,LAMP,COMP_2W,mismatch,2,PinkLamp_2.jpg,200
50,WVCNZ,SQUARE,COMP_1W,match,0,GreenSquare_2.jpg,300
51,RJDNW,CROSS,COMP_1W,match,0,RedCross_3.jpg,300
52,BROWN,BAG,COMP_2W,mismatch,3,GreenFlag_1.jpg,600
53,BROWN,HAND,COMP_2W,mismatch,1,BrownTree_3.jpg,600
54,QXSW,LAMP,COMP_1W,match,0,BlackLamp_3.jpg,500
55,RJDNW,LOCK,COMP_1W,mismatch,3,PinkShoe_1.jpg,500
56,BLUE,KEY,COMP_2W,mismatch,3,BlueShoe_1.jpg,200
57,BLACK,BONE,COMP_2W,mismatch,3,PinkKey_2.jpg,200
58,BLUE,BOW,COMP_2W,match,0,BlueBow_1.jpg,400
59,WVCNZ,HOUSE,COMP_1W,match,0,BlueHouse_2.jpg,400
60,WVCNZ,NOTE,COMP_1W,match,0,BrownNote_1.jpg,200
61,RED,CROSS,COMP_2W,mismatch,2,BlackCross_1.jpg,300
62,BLACK,BAG,COMP_2W,mismatch,2,PinkBag_1.jpg,500
63,RED,CAR,COMP_2W,match,0,RedCar_2.jpg,400
64,WVCNZ,BOAT,COMP_1W,mismatch,1,BlackDisc_1.jpg,300
65,ZBXLV,BOW,COMP_1W,mismatch,1,BrownDisc_1.jpg,300
66,BLUE,HOUSE,COMP_2W,match,0,BlueHouse_3.jpg,500
67,BLACK,LEAF,COMP_2W,match,0,BlackLeaf_3.jpg,400
68,XKQ,LEAF,COMP_1W,mismatch,3,RedHeart_2.jpg,400
69,QXSW,SQUARE,COMP_1W,match,0,GreenSquare_2.jpg,300
70,PINK,CAR,COMP_2W,mismatch,1,PinkBell_2.jpg,300
71,BLUE,SHOE,COMP_2W,mismatch,3,RedBoat_2.jpg,400
72,MTPV,CAR,COMP_1W,mismatch,3,PinkShoe_1.jpg,600
73,QXSW,STAR,COMP_1W,match,0,GreenStar_1.jpg,300
74,RED,CANE,COMP_2W,mismatch,2,GreenCane_1.jpg,600
75,PINK,KEY,COMP_2W,mismatch,1,PinkBell_2.jpg,500
76,RJDNW,HOUSE,COMP_1W,mismatch,3,GreenHand_1.jpg,500
77,ZBXLV,CUP,COMP_1W,mismatch,1,PinkBag_1.jpg,500
78,MTPV,BONE,COMP_1W,match,0,RedBone_2.jpg,400
79,GREEN,FORK,COMP_2W,match,0,GreenFork_3.jpg,300
80,WVCNZ,CROSS,COMP_1W,match,0,PinkCross_3.jpg,200
81,QXSW,TREE,COMP_1W,match,0,GreenTree_1.jpg,200
82,WVCNZ,BELL,COMP_1W,mismatch,2,PinkCane_1.jpg,600
83,GREEN,DISC,COMP_2W,match,0,GreenDisc_2.jpg,300
84,GREEN,HAND,COMP_2W,mismatch,2,BlueHand_3.jpg,400
85,MTPV,LOCK,COMP_1W,match,0,PinkLock_3.jpg,500
86,BLACK,HEART,COMP_2W,mismatch,3,BlackBow_3.jpg,600
87,BLACK,CAR,COMP_2W,match,0,BlackCar_1.jpg,400
88,XKQ,HOUSE,COMP_1W,mismatch,3,BlueFork_2.jpg,200
89,XKQ,LOCK,COMP_1W,mismatch,2,BlackStar_2.jpg,400
90,MTPV,SQUARE,COMP_1W,mismatch,3,GreenShoe_3.jpg,400
91,BLUE,LEAF,COMP_2W,match,0,BlueLeaf_2.jpg,600
92,GREEN,PLANE,COMP_2W,match,0,GreenPlane_1.jpg,600
93,RJDNW,STAR,COMP_1W,mismatch,1,BlackFlag_3.jpg,400
94,WVCNZ,BONE,COMP_1W,mismatch,1,PinkCup_2.jpg,400
95,XKQ,TREE,COMP_1W,match,0,BlackTree_3.jpg,500
96,PINK,BOW,COMP_2W,match,0,PinkBow_2.jpg,200
97,ZBXLV,NOTE,COMP_1W,mismatch,2,RedBone_1.jpg,200
98,BLUE,CROSS,COMP_2W,mismatch,2,BlueCross_3.jpg,500
99,GREEN,HEART,COMP_2W,match,0,GreenHeart_1.jpg,200
