,Word_1st,Word_2nd,Condition,Match,Mismatch_Type,Image,ISI
0,ZBXLV,STAR,LIST_1W,match,0,BrownStar_2.jpg,200
1,HOUSE,BOAT,LIST_2W,match,0,BrownBoat_1.jpg,400
2,RJDNW,LAMP,LIST_1W,mismatch,3,RedStar_2.jpg,500
3,LAMP,CUP,LIST_2W,mismatch,2,BlueBoat_3.jpg,600
4,WVCNZ,LAMP,LIST_1W,match,0,BlueLamp_2.jpg,600
5,CUP,BOW,LIST_2W,match,0,BlackCup_1.jpg,300
6,PLANE,CUP,LIST_2W,match,0,BrownPlane_1.jpg,200
7,MTPV,CROSS,LIST_1W,match,0,RedCross_1.jpg,200
8,ZBXLV,KEY,LIST_1W,mismatch,3,BlackStar_1.jpg,200
9,XKQ,CAR,LIST_1W,mismatch,2,GreenKey_2.jpg,400
10,CROSS,SQUARE,LIST_2W,match,0,PinkSquare_3.jpg,300
11,RJDNW,BOAT,LIST_1W,mismatch,3,PinkKey_3.jpg,300
12,XKQ,TREE,LIST_1W,mismatch,3,GreenLamp_1.jpg,500
13,RJDNW,KEY,LIST_1W,match,0,RedKey_1.jpg,500
14,HOUSE,LEAF,LIST_2W,match,0,PinkHouse_2.jpg,500
15,MTPV,KEY,LIST_1W,mismatch,1,BlackBell_1.jpg,600
16,CROSS,HEART,LIST_2W,mismatch,3,RedSquare_1.jpg,300
17,WVCNZ,LAMP,LIST_1W,match,0,BlueLamp_2.jpg,500
18,WVCNZ,CUP,LIST_1W,match,0,GreenCup_3.jpg,500
19,LAMP,SQUARE,LIST_2W,mismatch,1,BlackHand_2.jpg,500
20,MTPV,CAR,LIST_1W,match,0,RedCar_3.jpg,400
21,LAMP,BOAT,LIST_2W,match,0,BlueLamp_1.jpg,500
22,MTPV,PLANE,LIST_1W,match,0,BlackPlane_1.jpg,600
23,BOAT,HAND,LIST_2W,match,0,GreenBoat_1.jpg,500
24,CUP,BONE,LIST_2W,mismatch,1,BlackCross_2.jpg,500
25,CROSS,CUP,LIST_2W,mismatch,1,BrownShoe_1.jpg,200
26,QXSW,FLAG,LIST_1W,mismatch,3,BrownCup_1.jpg,500
27,XKQ,SQUARE,LIST_1W,match,0,BlueSquare_1.jpg,400
28,BOAT,SHOE,LIST_2W,mismatch,1,BrownLamp_3.jpg,600
29,WVCNZ,FORK,LIST_1W,mismatch,3,BlueSquare_1.jpg,600
30,CUP,LAMP,LIST_2W,match,0,GreenLamp_3.jpg,400
31,RJDNW,HEART,LIST_1W,mismatch,2,BlueBag_3.jpg,600
32,CUP,BELL,LIST_2W,mismatch,1,BrownPlane_1.jpg,400
33,WVCNZ,CUP,LIST_1W,match,0,GreenCup_3.jpg,400
34,ZBXLV,SQUARE,LIST_1W,match,0,BlackSquare_3.jpg,300
35,PLANE,SHOE,LIST_2W,match,0,BrownPlane_2.jpg,200
36,MTPV,HEART,LIST_1W,match,0,PinkHeart_2.jpg,600
37,LAMP,SQUARE,LIST_2W,mismatch,1,BlackHand_2.jpg,500
38,ZBXLV,HOUSE,LIST_1W,match,0,BlueHouse_2.jpg,300
39,BOAT,KEY,LIST_2W,mismatch,1,RedCane_1.jpg,200
40,CROSS,LOCK,LIST_2W,match,0,GreenLock_3.jpg,500
41,RJDNW,LOCK,LIST_1W,match,0,BlackLock_1.jpg,300
42,BOAT,HOUSE,LIST_2W,mismatch,2,BlueHand_2.jpg,600
43,BOAT,HAND,LIST_2W,match,0,GreenBoat_1.jpg,300
44,QXSW,HOUSE,LIST_1W,mismatch,2,RedCup_2.jpg,600
45,PLANE,KEY,LIST_2W,mismatch,3,BlackCross_3.jpg,200
46,CUP,STAR,LIST_2W,mismatch,3,BlueCross_3.jpg,400
47,QXSW,BELL,LIST_1W,match,0,BlackBell_3.jpg,300
48,CROSS,TREE,LIST_2W,mismatch,2,BrownBell_1.jpg,300
49,ZBXLV,NOTE,LIST_1W,mismatch,2,GreenBell_3.jpg,200
50,QXSW,LOCK,LIST_1W,match,0,BrownLock_1.jpg,300
51,LAMP,LOCK,LIST_2W,mismatch,2,BrownStar_1.jpg,400
52,HOUSE,PLANE,LIST_2W,match,0,BrownPlane_3.jpg,600
53,WVCNZ,FLAG,LIST_1W,match,0,BlackFlag_3.jpg,200
54,CROSS,SHOE,LIST_2W,match,0,BlackShoe_3.jpg,300
55,XKQ,BOAT,LIST_1W,mismatch,1,BlackHand_2.jpg,600
56,XKQ,HEART,LIST_1W,match,0,BlueHeart_3.jpg,500
57,ZBXLV,FLAG,LIST_1W,mismatch,2,BlueSquare_1.jpg,300
58,BOAT,NOTE,LIST_2W,match,0,BrownNote_3.jpg,400
59,QXSW,BAG,LIST_1W,mismatch,3,BlackCar_2.jpg,300
60,LAMP,KEY,LIST_2W,match,0,BlackLamp_2.jpg,600
61,HOUSE,NOTE,LIST_2W,mismatch,2,BlueHeart_1.jpg,300
62,XKQ,BELL,LIST_1W,mismatch,1,BlackFlag_2.jpg,400
63,RJDNW,STAR,LIST_1W,match,0,GreenStar_3.jpg,200
64,BOAT,HEART,LIST_2W,match,0,BrownBoat_3.jpg,500
65,CUP,NOTE,LIST_2W,mismatch,1,BrownCross_1.jpg,500
66,PLANE,TREE,LIST_2W,match,0,BlackPlane_1.jpg,200
67,XKQ,CANE,LIST_1W,mismatch,3,BlackFork_3.jpg,200
68,HOUSE,HAND,LIST_2W,mismatch,3,BlueCross_3.jpg,200
69,ZBXLV,BOAT,LIST_1W,match,0,BlueBoat_2.jpg,500
70,CUP,HOUSE,LIST_2W,mismatch,3,PinkBoat_1.jpg,400
71,PLANE,CUP,LIST_2W,match,0,BrownPlane_1.jpg,400
72,BOAT,CANE,LIST_2W,match,0,BlueBoat_1.jpg,600
73,WVCNZ,SHOE,LIST_1W,mismatch,2,RedLock_3.jpg,400
74,PLANE,FLAG,LIST_2W,match,0,RedFlag_2.jpg,300
75,WVCNZ,BAG,LIST_1W,match,0,GreenBag_1.jpg,400
76,ZBXLV,CANE,LIST_1W,mismatch,3,BrownBoat_2.jpg,300
77,ZBXLV,FLAG,LIST_1W,mismatch,2,BlueSquare_1.jpg,400
78,HOUSE,CANE,LIST_2W,mismatch,3,BlueCross_3.jpg,300
79,QXSW,BELL,LIST_1W,match,0,BlackBell_3.jpg,400
80,CUP,STAR,LIST_2W,mismatch,3,BlueCross_3.jpg,300
81,HOUSE,TREE,LIST_2W,match,0,PinkTree_2.jpg,600
82,HOUSE,BONE,LIST_2W,match,0,BlueHouse_1.jpg,200
83,QXSW,CROSS,LIST_1W,mismatch,2,BlackLeaf_1.jpg,400
84,PLANE,LEAF,LIST_2W,match,0,RedLeaf_2.jpg,200
85,HOUSE,FORK,LIST_2W,mismatch,1,GreenTree_3.jpg,500
86,WVCNZ,DISC,LIST_1W,match,0,BlackDisc_1.jpg,600
87,CUP,CROSS,LIST_2W,mismatch,3,RedHand_2.jpg,600
88,XKQ,NOTE,LIST_1W,mismatch,1,RedCane_3.jpg,300
89,ZBXLV,BAG,LIST_1W,mismatch,3,BlackCross_2.jpg,500
90,HOUSE,PLANE,LIST_2W,match,0,BrownPlane_3.jpg,400
91,MTPV,CROSS,LIST_1W,match,0,RedCross_1.jpg,200
92,CUP,TREE,LIST_2W,mismatch,3,BlackBoat_1.jpg,200
93,MTPV,SHOE,LIST_1W,mismatch,1,BrownBoat_2.jpg,200
94,CUP,CAR,LIST_2W,mismatch,2,BlueBone_3.jpg,400
95,MTPV,LEAF,LIST_1W,mismatch,3,BlueDisc_3.jpg,500
96,PLANE,HAND,LIST_2W,match,0,BlackHand_1.jpg,600
97,HOUSE,SHOE,LIST_2W,mismatch,2,BrownLock_3.jpg,600
98,XKQ,HOUSE,LIST_1W,mismatch,3,GreenHeart_3.jpg,200
99,MTPV,BAG,LIST_1W,match,0,PinkBag_2.jpg,600
