,Word_1st,Word_2nd,Condition,Match,Mismatch_Type,Image,ISI
0,PINK,LEAF,COMP_2W,mismatch,3,RedCross_1.jpg,600
1,RED,PLANE,COMP_2W,mismatch,1,RedHouse_3.jpg,400
2,RED,BONE,COMP_2W,mismatch,1,RedCar_2.jpg,200
3,ZBXLV,STAR,COMP_1W,mismatch,2,BlueCup_2.jpg,400
4,BLACK,CAR,COMP_2W,match,0,BlackCar_3.jpg,300
5,MTPV,BOAT,COMP_1W,match,0,PinkBoat_1.jpg,200
6,BLUE,FLAG,COMP_2W,mismatch,3,RedBell_3.jpg,600
7,XKQ,CANE,COMP_1W,mismatch,3,BlueFlag_1.jpg,300
8,PINK,BELL,COMP_2W,match,0,PinkBell_2.jpg,500
9,WVCNZ,LAMP,COMP_1W,mismatch,3,RedBone_2.jpg,600
10,XKQ,TREE,COMP_1W,mismatch,3,RedCross_3.jpg,200
11,RED,STAR,COMP_2W,mismatch,3,RedCross_1.jpg,500
12,GREEN,DISC,COMP_2W,match,0,GreenDisc_1.jpg,200
13,MTPV,PLANE,COMP_1W,match,0,BrownPlane_3.jpg,400
14,WVCNZ,CUP,COMP_1W,match,0,BlueCup_3.jpg,200
15,BROWN,BOW,COMP_2W,mismatch,1,BrownHand_1.jpg,600
16,WVCNZ,FLAG,COMP_1W,match,0,PinkFlag_2.jpg,600
17,ZBXLV,LEAF,COMP_1W,match,0,BlackLeaf_3.jpg,500
18,RJDNW,PLANE,COMP_1W,mismatch,2,GreenKey_1.jpg,500
19,GREEN,HAND,COMP_2W,match,0,GreenHand_3.jpg,600
20,MTPV,CUP,COMP_1W,mismatch,2,BrownCar_1.jpg,600
21,BROWN,CAR,COMP_2W,mismatch,1,BrownNote_3.jpg,600
22,QXSW,HOUSE,COMP_1W,match,0,BlueHouse_2.jpg,300
23,BROWN,BAG,COMP_2W,mismatch,3,PinkLock_1.jpg,500
24,GREEN,STAR,COMP_2W,match,0,GreenStar_1.jpg,400
25,MTPV,CANE,COMP_1W,match,0,PinkCane_3.jpg,600
26,QXSW,NOTE,COMP_1W,match,0,BlueNote_2.jpg,500
27,MTPV,BELL,COMP_1W,mismatch,3,GreenTree_3.jpg,300
28,PINK,LOCK,COMP_2W,mismatch,2,BrownLock_1.jpg,300
29,BROWN,KEY,COMP_2W,match,0,BrownKey_1.jpg,200
30,BLUE,CANE,COMP_2W,match,0,BlueCane_2.jpg,300
31,XKQ,NOTE,COMP_1W,mismatch,1,PinkFork_2.jpg,200
32,BROWN,SHOE,COMP_2W,mismatch,2,BlueShoe_2.jpg,200
33,ZBXLV,BOAT,COMP_1W,mismatch,3,BlackLeaf_2.jpg,500
34,QXSW,LOCK,COMP_1W,match,0,PinkLock_2.jpg,500
35,PINK,HAND,COMP_2W,mismatch,2,BlueHand_3.jpg,500
36,WVCNZ,NOTE,COMP_1W,match,0,BrownNote_3.jpg,300
37,BLACK,CROSS,COMP_2W,match,0,BlackCross_3.jpg,300
38,BLACK,TREE,COMP_2W,match,0,BlackTree_1.jpg,500
39,WVCNZ,CANE,COMP_1W,mismatch,3,GreenFork_1.jpg,200
40,RJDNW,LOCK,COMP_1W,mismatch,1,RedShoe_1.jpg,500
41,RJDNW,TREE,COMP_1W,mismatch,2,PinkStar_2.jpg,500
42,BROWN,TREE,COMP_2W,match,0,BrownTree_3.jpg,400
43,RED,HOUSE,COMP_2W,mismatch,3,RedFork_2.jpg,600
44,XKQ,BOW,COMP_1W,match,0,PinkBow_1.jpg,400
45,BROWN,FLAG,COMP_2W,match,0,BrownFlag_3.jpg,500
46,MTPV,HOUSE,COMP_1W,mismatch,2,BlackLamp_2.jpg,500
47,BLACK,FORK,COMP_2W,mismatch,3,GreenCup_3.jpg,300
48,RJDNW,HEART,COMP_1W,mismatch,3,BrownHouse_3.jpg,400
49,RJDNW,LEAF,COMP_1W,mismatch,2,BlueHand_1.jpg,200
50,BROWN,LOCK,COMP_2W,match,0,BrownLock_1.jpg,600
51,XKQ,LAMP,COMP_1W,match,0,PinkLamp_3.jpg,300
52,ZBXLV,BAG,COMP_1W,match,0,RedBag_2.jpg,400
53,ZBXLV,FORK,COMP_1W,mismatch,1,BlueBell_2.jpg,400
54,PINK,BOW,COMP_2W,match,0,PinkBow_2.jpg,500
55,BLACK,HAND,COMP_2W,mismatch,3,PinkPlane_2.jpg,300
56,QXSW,SQUARE,COMP_1W,mismatch,1,BrownBag_2.jpg,200
57,BROWN,PLANE,COMP_2W,match,0,BrownPlane_2.jpg,600
58,ZBXLV,CUP,COMP_1W,mismatch,1,BlueHouse_1.jpg,300
59,MTPV,CROSS,COMP_1W,match,0,BlueCross_2.jpg,400
60,WVCNZ,LEAF,COMP_1W,match,0,PinkLeaf_1.jpg,600
61,RED,HEART,COMP_2W,match,0,RedHeart_3.jpg,400
62,QXSW,LAMP,COMP_1W,mismatch,1,PinkHeart_2.jpg,600
63,BLUE,CROSS,COMP_2W,mismatch,2,BlackCross_1.jpg,300
64,XKQ,SQUARE,COMP_1W,match,0,BlackSquare_2.jpg,600
65,RED,CROSS,COMP_2W,mismatch,3,BlueTree_1.jpg,300
66,BLACK,BONE,COMP_2W,match,0,BlackBone_2.jpg,200
67,RED,BELL,COMP_2W,mismatch,1,RedCar_1.jpg,500
68,WVCNZ,STAR,COMP_1W,match,0,PinkStar_2.jpg,500
69,RJDNW,NOTE,COMP_1W,mismatch,2,BrownStar_3.jpg,400
70,PINK,HEART,COMP_2W,match,0,PinkHeart_2.jpg,500
71,BLUE,BOW,COMP_2W,mismatch,1,BlueLamp_2.jpg,200
72,BLACK,FLAG,COMP_2W,mismatch,2,GreenFlag_1.jpg,500
73,WVCNZ,BONE,COMP_1W,match,0,BlueBone_3.jpg,600
74,GREEN,LAMP,COMP_2W,match,0,GreenLamp_1.jpg,200
75,BROWN,HEART,COMP_2W,mismatch,2,BlueHeart_2.jpg,400
76,BLACK,SHOE,COMP_2W,match,0,BlackShoe_2.jpg,400
77,MTPV,HAND,COMP_1W,match,0,BlackHand_1.jpg,500
78,XKQ,BOAT,COMP_1W,mismatch,1,GreenStar_3.jpg,400
79,GREEN,FORK,COMP_2W,match,0,GreenFork_1.jpg,400
80,MTPV,BAG,COMP_1W,mismatch,3,BrownShoe_3.jpg,300
81,BLUE,SHOE,COMP_2W,mismatch,1,BlueBone_2.jpg,200
82,GREEN,BELL,COMP_2W,match,0,GreenBell_2.jpg,300
83,BLACK,SQUARE,COMP_2W,match,0,BlackSquare_1.jpg,600
84,RJDNW,BOAT,COMP_1W,match,0,BlackBoat_3.jpg,300
85,BLACK,KEY,COMP_2W,mismatch,3,PinkHouse_1.jpg,200
86,RJDNW,HOUSE,COMP_1W,match,0,GreenHouse_1.jpg,300
87,MTPV,CAR,COMP_1W,match,0,BlackCar_2.jpg,200
88,QXSW,BAG,COMP_1W,match,0,BlueBag_3.jpg,200
89,BLUE,BONE,COMP_2W,mismatch,2,BlueBone_2.jpg,400
90,BLUE,KEY,COMP_2W,mismatch,1,BlueLeaf_1.jpg,400
91,XKQ,FORK,COMP_1W,match,0,BlackFork_3.jpg,200
92,BLACK,DISC,COMP_2W,match,0,BlackDisc_3.jpg,200
93,XKQ,DISC,COMP_1W,mismatch,1,BlueCar_1.jpg,600
94,RJDNW,DISC,COMP_1W,mismatch,3,GreenCane_3.jpg,600
95,RJDNW,CUP,COMP_1W,match,0,BlackCup_1.jpg,400
96,GREEN,SHOE,COMP_2W,match,0,GreenShoe_1.jpg,600
97,XKQ,CAR,COMP_1W,mismatch,2,BlackBone_2.jpg,300
98,GREEN,SQUARE,COMP_2W,mismatch,2,PinkSquare_1.jpg,400
99,PINK,KEY,COMP_2W,match,0,PinkKey_3.jpg,300
