,Word_1st,Word_2nd,Condition,Match,Mismatch_Type,Image,ISI
0,BLUE,SQUARE,COMP_2W,mismatch,3,GreenCup_1.jpg,500
1,BROWN,HOUSE,COMP_2W,mismatch,2,BlackHouse_1.jpg,600
2,ZBXLV,BELL,COMP_1W,mismatch,3,BlackBoat_3.jpg,400
3,BLACK,FLAG,COMP_2W,match,0,BlackFlag_1.jpg,200
4,PINK,BAG,COMP_2W,match,0,PinkBag_3.jpg,500
5,XKQ,NOTE,COMP_1W,match,0,BlackNote_1.jpg,300
6,ZBXLV,STAR,COMP_1W,match,0,BlackStar_2.jpg,600
7,XKQ,HAND,COMP_1W,mismatch,1,BrownBell_1.jpg,500
8,BROWN,BOAT,COMP_2W,match,0,BrownBoat_3.jpg,300
9,QXSW,LEAF,COMP_1W,mismatch,1,BrownBoat_1.jpg,500
10,RJDNW,BAG,COMP_1W,mismatch,3,BlackHouse_3.jpg,200
11,WVCNZ,CANE,COMP_1W,match,0,BrownCane_3.jpg,600
12,BLUE,CUP,COMP_2W,mismatch,2,PinkCup_2.jpg,400
13,MTPV,SHOE,COMP_1W,match,0,RedShoe_3.jpg,300
14,WVCNZ,BELL,COMP_1W,match,0,BrownBell_1.jpg,500
15,MTPV,TREE,COMP_1W,match,0,RedTree_1.jpg,200
16,PINK,NOTE,COMP_2W,mismatch,1,PinkCross_3.jpg,600
17,RJDNW,NOTE,COMP_1W,mismatch,1,BlueCar_1.jpg,400
18,PINK,LEAF,COMP_2W,match,0,PinkLeaf_2.jpg,500
19,BLUE,TREE,COMP_2W,match,0,BlueTree_3.jpg,600
20,BLUE,CUP,COMP_2W,mismatch,2,PinkCup_2.jpg,200
21,QXSW,SHOE,COMP_1W,mismatch,2,BrownLeaf_2.jpg,200
22,BLUE,STAR,COMP_2W,mismatch,3,BlueBow_3.jpg,400
23,GREEN,BELL,COMP_2W,match,0,GreenBell_1.jpg,300
24,RJDNW,DISC,COMP_1W,mismatch,3,BrownFlag_2.jpg,200
25,RJDNW,NOTE,COMP_1W,mismatch,1,BlueCar_1.jpg,300
26,PINK,BOW,COMP_2W,mismatch,1,PinkFlag_3.jpg,200
27,RJDNW,CAR,COMP_1W,match,0,BlueCar_3.jpg,200
28,ZBXLV,CANE,COMP_1W,mismatch,3,PinkDisc_3.jpg,300
29,RED,BELL,COMP_2W,match,0,RedBell_2.jpg,400
30,QXSW,FORK,COMP_1W,mismatch,2,BrownBoat_1.jpg,400
31,BROWN,DISC,COMP_2W,mismatch,3,GreenLamp_1.jpg,300
32,XKQ,SQUARE,COMP_1W,mismatch,2,GreenHeart_1.jpg,500
33,MTPV,LEAF,COMP_1W,match,0,BrownLeaf_3.jpg,500
34,PINK,HOUSE,COMP_2W,match,0,PinkHouse_2.jpg,300
35,XKQ,STAR,COMP_1W,match,0,PinkStar_1.jpg,300
36,BLUE,CAR,COMP_2W,mismatch,3,BrownHand_3.jpg,300
37,BLUE,HEART,COMP_2W,match,0,BlueHeart_2.jpg,400
38,PINK,SHOE,COMP_2W,match,0,PinkShoe_2.jpg,400
39,XKQ,HAND,COMP_1W,mismatch,1,BrownBell_1.jpg,500
40,BROWN,BONE,COMP_2W,mismatch,3,RedLeaf_1.jpg,600
41,BLACK,STAR,COMP_2W,match,0,BlackStar_1.jpg,400
42,QXSW,KEY,COMP_1W,mismatch,3,BrownBoat_2.jpg,600
43,BLUE,CAR,COMP_2W,mismatch,3,BrownHand_3.jpg,200
44,PINK,CROSS,COMP_2W,mismatch,2,PinkCross_3.jpg,300
45,RED,LEAF,COMP_2W,match,0,RedLeaf_2.jpg,400
46,WVCNZ,BOW,COMP_1W,match,0,BlueBow_3.jpg,600
47,BROWN,FORK,COMP_2W,match,0,BrownFork_2.jpg,500
48,RED,LOCK,COMP_2W,mismatch,3,GreenDisc_1.jpg,500
49,RJDNW,STAR,COMP_1W,mismatch,3,BrownLeaf_1.jpg,500
50,GREEN,CUP,COMP_2W,match,0,GreenCup_1.jpg,600
51,MTPV,CANE,COMP_1W,match,0,BlueCane_3.jpg,200
52,XKQ,BONE,COMP_1W,match,0,RedBone_2.jpg,300
53,BLUE,HOUSE,COMP_2W,mismatch,1,BlueFlag_2.jpg,400
54,RJDNW,CANE,COMP_1W,mismatch,1,BrownTree_1.jpg,300
55,RJDNW,BOW,COMP_1W,match,0,BlackBow_1.jpg,200
56,GREEN,CAR,COMP_2W,match,0,GreenCar_1.jpg,200
57,GREEN,LAMP,COMP_2W,match,0,GreenLamp_1.jpg,600
58,ZBXLV,CROSS,COMP_1W,match,0,PinkCross_3.jpg,400
59,XKQ,PLANE,COMP_1W,mismatch,3,BlackHouse_1.jpg,400
60,RED,TREE,COMP_2W,mismatch,3,GreenBoat_2.jpg,200
61,RJDNW,BONE,COMP_1W,match,0,GreenBone_1.jpg,400
62,PINK,BOW,COMP_2W,mismatch,1,PinkFlag_3.jpg,300
63,MTPV,CROSS,COMP_1W,mismatch,2,RedBell_1.jpg,300
64,BLUE,FLAG,COMP_2W,match,0,BlueFlag_1.jpg,300
65,PINK,CUP,COMP_2W,match,0,PinkCup_1.jpg,200
66,GREEN,BONE,COMP_2W,match,0,GreenBone_1.jpg,600
67,ZBXLV,FLAG,COMP_1W,mismatch,2,BlueDisc_3.jpg,600
68,ZBXLV,TREE,COMP_1W,mismatch,1,PinkBoat_2.jpg,200
69,GREEN,CAR,COMP_2W,match,0,GreenCar_1.jpg,500
70,BLACK,CANE,COMP_2W,mismatch,1,BlackBow_2.jpg,400
71,RJDNW,BOW,COMP_1W,match,0,BlackBow_1.jpg,400
72,ZBXLV,BAG,COMP_1W,mismatch,2,RedLamp_2.jpg,300
73,BROWN,HEART,COMP_2W,mismatch,2,GreenHeart_2.jpg,500
74,RED,DISC,COMP_2W,match,0,RedDisc_2.jpg,300
75,ZBXLV,CUP,COMP_1W,match,0,RedCup_1.jpg,500
76,XKQ,BELL,COMP_1W,match,0,GreenBell_2.jpg,500
77,RED,SQUARE,COMP_2W,mismatch,2,RedSquare_1.jpg,300
78,BROWN,BELL,COMP_2W,mismatch,3,RedCane_1.jpg,200
79,QXSW,HOUSE,COMP_1W,match,0,GreenHouse_1.jpg,400
80,ZBXLV,FORK,COMP_1W,match,0,GreenFork_2.jpg,200
81,RJDNW,LEAF,COMP_1W,mismatch,2,PinkBow_2.jpg,400
82,RED,TREE,COMP_2W,mismatch,3,GreenBoat_2.jpg,600
83,BLACK,KEY,COMP_2W,match,0,BlackKey_3.jpg,200
84,MTPV,HOUSE,COMP_1W,mismatch,1,BlackBell_1.jpg,600
85,XKQ,BOW,COMP_1W,mismatch,2,BrownStar_3.jpg,200
86,GREEN,DISC,COMP_2W,match,0,GreenDisc_3.jpg,500
87,XKQ,HOUSE,COMP_1W,match,0,PinkHouse_3.jpg,600
88,QXSW,CUP,COMP_1W,match,0,BlackCup_3.jpg,300
89,RED,LOCK,COMP_2W,mismatch,3,GreenDisc_1.jpg,600
90,XKQ,BONE,COMP_1W,match,0,RedBone_2.jpg,600
91,BLUE,PLANE,COMP_2W,match,0,BluePlane_3.jpg,600
92,PINK,DISC,COMP_2W,mismatch,2,BlackDisc_1.jpg,400
93,BROWN,CANE,COMP_2W,match,0,BrownCane_1.jpg,200
94,WVCNZ,BOAT,COMP_1W,match,0,BlackBoat_1.jpg,400
95,QXSW,FORK,COMP_1W,mismatch,2,BrownBoat_1.jpg,600
96,GREEN,BOAT,COMP_2W,mismatch,2,BrownBoat_3.jpg,500
97,MTPV,LAMP,COMP_1W,mismatch,2,BrownKey_3.jpg,600
98,GREEN,LOCK,COMP_2W,mismatch,3,RedStar_3.jpg,500
99,WVCNZ,LOCK,COMP_1W,match,0,GreenLock_2.jpg,500
